Mark ID,Mark Name,Timestamp,\Processor(_Total)\% Processor Time,\Memory\Pages/sec,\Processor(_Total)\% Privileged Time,\Processor(_Total)\% User Time,\.NET CLR Exceptions(Hadr04)\# of Exceps Thrown / sec,\.NET CLR Memory(Hadr04)\# Bytes in all Heaps,\.NET CLR Memory(Hadr04)\# Total committed bytes,\.NET CLR Memory(Hadr04)\# Gen 0 Collections,\.NET CLR Memory(Hadr04)\# Gen 1 Collections,\.NET CLR Memory(Hadr04)\# Gen 2 Collections,\.NET CLR Memory(Hadr04)\% Time in GC,\Process(Hadr04)\% Processor Time,\Process(Hadr04)\% Privileged Time,\Process(Hadr04)\% User Time,\Process(Hadr04)\Private Bytes,\.NET CLR LocksAndThreads(Hadr04)\Contention Rate / sec,\Process(Hadr04)\Working Set,
0,"Start of Program",0.00,0,0,0,0,0,0,0,0,0,0,0,0,0,0,0,0,0,
1,"AutoMark",0.00,0,0,0,0,0,0,0,0,0,0,0,0,0,0,0,0,0,
2,"AutoMark",515.83,30,330,3,26,0,0,0,0,0,0,0,0,0,0,"32,935,936",0,"54,951,936",
3,"AutoMark","1,018.96",17,43,4,12,0,0,0,0,0,0,0,28,3,24,"35,987,456",0,"59,867,136",
4,"AutoMark","1,520.94",12,0,4,7,0,0,0,0,0,0,0,0,0,0,"35,987,456",0,"59,867,136",
5,"AutoMark","2,023.69",11,0,3,7,0,0,0,0,0,0,0,0,0,0,"35,987,456",0,"59,867,136",
6,"AutoMark","2,527.28",10,0,1,7,0,0,0,0,0,0,0,0,0,0,"35,987,456",0,"59,867,136",
7,"AutoMark","3,029.33",9,0,6,6,0,0,0,0,0,0,0,0,0,0,"35,987,456",0,"59,867,136",
8,"AutoMark","3,532.36",14,0,4,9,0,0,0,0,0,0,0,0,0,0,"35,987,456",0,"59,867,136",
9,"AutoMark","4,034.42",11,0,3,7,0,0,0,0,0,0,0,0,0,0,"35,987,456",0,"59,867,136",
10,"AutoMark","4,536.94",16,0,4,11,0,0,0,0,0,0,0,0,0,0,"35,987,456",0,"59,867,136",
11,"AutoMark","5,039.43",12,0,3,7,0,0,0,0,0,0,0,0,0,0,"35,987,456",0,"59,867,136",
12,"AutoMark","5,542.19",8,1,2,5,0,0,0,0,0,0,0,0,0,0,"35,987,456",0,"59,867,136",
13,"AutoMark","6,044.04",8,0,3,6,0,0,0,0,0,0,0,0,0,0,"35,987,456",0,"59,867,136",
14,"AutoMark","6,545.63",10,0,6,5,0,0,0,0,0,0,0,0,0,0,"35,987,456",0,"59,867,136",
15,"AutoMark","7,047.62",12,0,3,8,0,0,0,0,0,0,0,0,0,0,"35,987,456",0,"59,867,136",
16,"AutoMark","7,550.52",9,0,2,6,0,0,0,0,0,0,0,0,0,0,"35,987,456",0,"59,867,136",
17,"AutoMark","8,053.49",9,0,1,6,0,0,0,0,0,0,0,0,0,0,"35,987,456",0,"59,867,136",
18,"AutoMark","8,555.98",13,0,3,9,0,0,0,0,0,0,0,0,0,0,"35,987,456",0,"59,867,136",
19,"AutoMark","9,058.70",12,0,5,6,0,0,0,0,0,0,0,0,0,0,"35,987,456",0,"59,867,136",
20,"AutoMark","9,561.18",6,0,3,5,0,0,0,0,0,0,0,0,0,0,"35,987,456",0,"59,867,136",
21,"AutoMark","10,063.25",8,0,1,7,0,0,0,0,0,0,0,0,0,0,"35,987,456",0,"59,867,136",
22,"AutoMark","10,565.54",12,0,3,11,0,0,0,0,0,0,0,0,0,0,"35,987,456",0,"59,867,136",
23,"AutoMark","11,081.05",12,0,5,4,0,0,0,0,0,0,0,0,0,0,"35,987,456",0,"59,867,136",
24,"AutoMark","11,583.37",14,0,2,11,0,0,0,0,0,0,0,0,0,0,"35,987,456",0,"59,867,136",
25,"AutoMark","12,085.99",11,0,1,9,0,0,0,0,0,0,0,0,0,0,"35,987,456",0,"59,867,136",
26,"AutoMark","12,588.47",17,1,0,16,0,0,0,0,0,0,0,0,0,0,"35,987,456",0,"59,867,136",
27,"AutoMark","13,090.98",12,0,4,10,0,0,0,0,0,0,0,0,0,0,"35,987,456",0,"59,867,136",
28,"AutoMark","13,592.64",12,3,1,11,0,0,0,0,0,0,0,0,0,0,"35,987,456",0,"59,867,136",
29,"AutoMark","14,094.90",15,0,5,9,0,0,0,0,0,0,0,0,0,0,"35,987,456",0,"59,867,136",
30,"AutoMark","14,603.68",12,0,3,6,0,0,0,0,0,0,0,0,0,0,"35,987,456",0,"59,867,136",
31,"AutoMark","15,109.49",15,0,5,12,0,0,0,0,0,0,0,0,0,0,"35,987,456",0,"59,867,136",
32,"AutoMark","15,612.39",10,0,5,4,0,0,0,0,0,0,0,0,0,0,"35,987,456",0,"59,867,136",
33,"AutoMark","16,115.42",13,0,1,10,0,0,0,0,0,0,0,0,0,0,"35,987,456",0,"59,867,136",
34,"AutoMark","16,617.38",12,0,3,8,0,0,0,0,0,0,0,0,0,0,"35,987,456",0,"59,867,136",
35,"AutoMark","17,119.55",12,0,2,10,0,0,0,0,0,0,0,0,0,0,"35,987,456",0,"59,867,136",
36,"AutoMark","17,621.48",10,0,3,7,0,0,0,0,0,0,0,0,0,0,"35,987,456",0,"59,867,136",
37,"AutoMark","18,124.58",9,0,1,10,0,0,0,0,0,0,0,0,0,0,"35,987,456",0,"59,867,136",
38,"AutoMark","18,627.78",8,0,0,6,0,0,0,0,0,0,0,0,0,0,"35,987,456",0,"59,867,136",
39,"AutoMark","19,129.98",15,0,5,9,0,0,0,0,0,0,0,0,0,0,"35,987,456",0,"59,867,136",
40,"AutoMark","19,632.04",10,0,1,8,0,0,0,0,0,0,0,0,0,0,"35,987,456",0,"59,867,136",
41,"AutoMark","20,133.51",7,0,1,5,0,0,0,0,0,0,0,0,0,0,"35,987,456",0,"59,867,136",
42,"AutoMark","20,635.04",9,0,5,7,0,0,0,0,0,0,0,0,0,0,"35,987,456",0,"59,867,136",
43,"AutoMark","21,151.02",19,0,5,10,0,0,0,0,0,0,0,0,0,0,"35,987,456",0,"59,867,136",
44,"AutoMark","21,652.79",10,0,0,10,0,0,0,0,0,0,0,0,0,0,"35,987,456",0,"59,867,136",
45,"AutoMark","22,155.65",12,0,4,10,0,0,0,0,0,0,0,0,0,0,"35,987,456",0,"59,867,136",
46,"AutoMark","22,657.59",4,0,0,3,0,0,0,0,0,0,0,0,0,0,"35,987,456",0,"59,867,136",
47,"AutoMark","23,159.63",8,0,1,6,0,0,0,0,0,0,0,0,0,0,"35,987,456",0,"59,867,136",
48,"AutoMark","23,661.34",8,0,3,4,0,0,0,0,0,0,0,0,0,0,"35,987,456",0,"59,867,136",
49,"AutoMark","24,162.99",5,0,0,4,0,0,0,0,0,0,0,0,0,0,"35,987,456",0,"59,867,136",
50,"AutoMark","24,665.77",9,0,3,4,0,0,0,0,0,0,0,0,0,0,"35,987,456",0,"59,867,136",
51,"AutoMark","25,167.84",10,0,4,5,0,0,0,0,0,0,0,0,0,0,"35,987,456",0,"59,867,136",
52,"AutoMark","25,669.52",7,0,2,6,0,0,0,0,0,0,0,0,0,0,"35,987,456",0,"59,867,136",
53,"AutoMark","26,172.05",9,0,3,6,0,0,0,0,0,0,0,0,0,0,"35,987,456",0,"59,867,136",
54,"AutoMark","26,674.09",14,0,4,9,0,0,0,0,0,0,0,0,0,0,"35,987,456",0,"59,867,136",
55,"AutoMark","27,176.30",15,1,5,9,0,0,0,0,0,0,0,0,0,0,"35,987,456",0,"59,867,136",
56,"AutoMark","27,678.98",11,0,3,6,0,0,0,0,0,0,0,0,0,0,"35,987,456",0,"59,867,136",
57,"AutoMark","28,181.01",9,0,5,3,0,0,0,0,0,0,0,0,0,0,"35,987,456",0,"59,867,136",
58,"AutoMark","28,682.05",7,0,2,4,0,0,0,0,0,0,0,0,0,0,"35,987,456",0,"59,867,136",
59,"AutoMark","29,184.23",12,0,1,10,0,0,0,0,0,0,0,0,0,0,"35,987,456",0,"59,867,136",
60,"AutoMark","29,685.28",8,0,3,5,0,0,0,0,0,0,0,0,0,0,"35,987,456",0,"59,867,136",
61,"AutoMark","30,187.28",12,0,6,7,0,0,0,0,0,0,0,0,0,0,"35,987,456",0,"59,867,136",
62,"AutoMark","30,689.44",6,0,0,9,0,0,0,0,0,0,0,0,0,0,"35,987,456",0,"59,867,136",
63,"AutoMark","31,204.48",9,0,1,4,0,0,0,0,0,0,0,0,0,0,"35,987,456",0,"59,867,136",
64,"AutoMark","31,708.69",11,0,3,6,0,0,0,0,0,0,0,0,0,0,"35,987,456",0,"59,867,136",
65,"AutoMark","32,210.54",9,0,0,8,0,0,0,0,0,0,0,0,0,0,"35,987,456",0,"59,867,136",
66,"AutoMark","32,713.35",10,0,6,3,0,0,0,0,0,0,0,0,0,0,"35,987,456",0,"59,867,136",
67,"AutoMark","33,215.81",9,0,3,5,0,0,0,0,0,0,0,0,0,0,"35,987,456",0,"59,867,136",
68,"AutoMark","33,717.80",9,0,4,7,0,0,0,0,0,0,0,0,0,0,"35,987,456",0,"59,867,136",
69,"AutoMark","34,220.81",12,0,3,7,0,0,0,0,0,0,0,0,0,0,"35,987,456",0,"59,879,424",
70,"AutoMark","34,721.85",4,0,1,3,0,0,0,0,0,0,0,0,0,0,"35,987,456",0,"59,879,424",
71,"AutoMark","35,224.22",7,0,2,4,0,0,0,0,0,0,0,0,0,0,"35,987,456",0,"59,879,424",
72,"AutoMark","35,725.97",5,0,2,2,0,0,0,0,0,0,0,0,0,0,"35,987,456",0,"59,879,424",
73,"AutoMark","36,226.95",7,0,2,4,0,0,0,0,0,0,0,0,0,0,"35,987,456",0,"59,879,424",
74,"AutoMark","36,728.66",5,0,2,2,0,0,0,0,0,0,0,0,0,0,"35,987,456",0,"59,879,424",
75,"AutoMark","37,229.73",7,0,2,4,0,0,0,0,0,0,0,0,0,0,"35,987,456",0,"59,879,424",
76,"AutoMark","37,731.72",6,0,2,6,0,0,0,0,0,0,0,0,0,0,"35,987,456",0,"59,879,424",
77,"AutoMark","38,234.47",13,0,4,9,0,0,0,0,0,0,0,0,0,0,"35,987,456",0,"59,879,424",
78,"AutoMark","38,734.55",14,0,5,8,0,0,0,0,0,0,0,0,0,0,"35,987,456",0,"59,879,424",
79,"AutoMark","39,236.55",10,0,2,7,0,0,0,0,0,0,0,0,0,0,"35,987,456",0,"59,879,424",
80,"AutoMark","39,738.25",15,0,4,10,0,0,0,0,0,0,0,0,0,0,"35,987,456",0,"59,879,424",
81,"AutoMark","40,241.33",11,0,4,6,0,0,0,0,0,0,0,0,0,0,"35,987,456",0,"59,879,424",
82,"AutoMark","40,742.41",9,0,6,6,0,0,0,0,0,0,0,0,0,0,"35,987,456",0,"59,879,424",
83,"AutoMark","41,259.28",20,0,9,7,0,0,0,0,0,0,0,0,0,0,"35,987,456",0,"59,879,424",
84,"AutoMark","41,760.78",7,0,3,3,0,0,0,0,0,0,0,0,0,0,"35,987,456",0,"59,879,424",
85,"AutoMark","42,261.81",13,0,3,9,0,0,0,0,0,0,0,0,0,0,"35,987,456",0,"59,879,424",
86,"AutoMark","42,764.53",12,0,8,6,0,0,0,0,0,0,0,0,0,0,"35,987,456",0,"59,879,424",
87,"AutoMark","43,266.90",23,1,7,14,0,0,0,0,0,0,0,0,0,0,"35,987,456",0,"59,879,424",
88,"AutoMark","43,766.99",17,3,5,11,0,0,0,0,0,0,0,0,0,0,"35,987,456",0,"59,879,424",
89,"AutoMark","44,268.02",18,0,8,10,0,0,0,0,0,0,0,0,0,0,"35,987,456",0,"59,879,424",
90,"AutoMark","44,770.01",7,0,2,4,0,0,0,0,0,0,0,0,0,0,"35,987,456",0,"59,879,424",
91,"AutoMark","45,272.76",19,0,7,10,0,0,0,0,0,0,0,0,0,0,"35,987,456",0,"59,879,424",
92,"AutoMark","45,775.96",9,0,4,3,0,0,0,0,0,0,0,0,0,0,"35,987,456",0,"59,879,424",
93,"AutoMark","46,278.66",18,0,9,11,0,0,0,0,0,0,0,0,0,0,"35,987,456",0,"59,879,424",
94,"AutoMark","46,780.79",10,0,1,7,0,0,0,0,0,0,0,0,0,0,"35,987,456",0,"59,879,424",
95,"AutoMark","47,283.21",10,0,3,7,0,0,0,0,0,0,0,0,0,0,"35,987,456",0,"59,879,424",
96,"AutoMark","47,784.33",13,0,6,7,0,0,0,0,0,0,0,0,0,0,"35,987,456",0,"59,879,424",
97,"AutoMark","48,286.31",9,0,3,5,0,0,0,0,0,0,0,0,0,0,"35,987,456",0,"59,879,424",
98,"AutoMark","48,789.10",10,0,4,5,0,0,0,0,0,0,0,0,0,0,"35,987,456",0,"59,879,424",
99,"AutoMark","49,292.27",12,0,4,6,0,0,0,0,0,0,0,0,0,0,"35,987,456",0,"59,879,424",
100,"AutoMark","49,795.73",10,0,6,6,0,0,0,0,0,0,0,0,0,0,"35,987,456",0,"59,879,424",
101,"AutoMark","50,297.71",11,0,3,7,0,0,0,0,0,0,0,0,0,0,"35,987,456",0,"59,879,424",
102,"AutoMark","50,799.79",13,0,4,11,0,0,0,0,0,0,0,0,0,0,"35,987,456",0,"59,879,424",
103,"AutoMark","51,315.78",12,0,3,6,0,0,0,0,0,0,0,0,0,0,"35,987,456",0,"59,879,424",
104,"AutoMark","51,818.57",12,0,2,9,0,0,0,0,0,0,0,0,0,0,"35,987,456",0,"59,879,424",
105,"AutoMark","52,320.91",9,0,3,5,0,0,0,0,0,0,0,0,0,0,"35,987,456",0,"59,879,424",
106,"AutoMark","52,825.71",9,0,3,5,0,0,0,0,0,0,0,0,0,0,"35,987,456",0,"59,879,424",
107,"AutoMark","53,328.05",17,0,2,17,0,0,0,0,0,0,0,0,0,0,"35,987,456",0,"59,879,424",
108,"AutoMark","53,830.71",16,0,5,10,0,0,0,0,0,0,0,0,0,0,"35,987,456",0,"59,879,424",
109,"AutoMark","54,333.14",17,0,3,13,0,0,0,0,0,0,0,3,3,0,"36,036,608",0,"59,981,824",
110,"AutoMark","54,833.53",21,0,3,18,0,0,0,0,0,0,0,65,0,65,"37,335,040",0,"61,853,696",
111,"AutoMark","55,334.81",27,0,0,26,0,0,0,0,0,0,0,90,0,90,"38,395,904",0,"62,939,136",
112,"AutoMark","55,834.91",29,0,1,28,0,0,0,0,0,0,0,99,0,99,"39,227,392",0,"63,823,872",
113,"AutoMark","56,334.95",30,0,4,25,0,0,0,0,0,0,0,93,6,87,"65,191,936",0,"89,743,360",
114,"AutoMark","56,838.29",30,0,1,27,0,0,0,0,0,0,0,99,0,99,"66,134,016",0,"90,669,056",
115,"AutoMark","57,339.24",26,0,0,25,0,0,0,0,0,0,0,99,0,99,"67,076,096",0,"91,586,560",
116,"AutoMark","57,839.35",26,0,0,25,0,0,0,0,0,0,0,96,0,96,"68,005,888",0,"92,479,488",
117,"AutoMark","58,339.62",25,0,0,24,0,0,0,0,0,0,0,99,0,99,"68,993,024",0,"93,429,760",
118,"AutoMark","58,840.60",26,0,1,24,0,0,0,0,0,0,0,99,0,99,"69,873,664",0,"94,294,016",
119,"AutoMark","59,340.77",31,0,3,27,0,0,0,0,0,0,0,99,0,99,"70,889,472",0,"95,252,480",
120,"AutoMark","59,858.32",26,0,0,29,0,0,0,0,0,0,0,102,0,102,"71,786,496",0,"96,157,696",
121,"AutoMark","60,359.03",28,0,0,27,0,0,0,0,0,0,0,99,0,99,"72,671,232",0,"96,989,184",
122,"AutoMark","60,859.17",28,0,0,28,0,0,0,0,0,0,0,99,0,99,"73,715,712",0,"98,029,568",
123,"AutoMark","61,363.34",30,0,2,27,0,0,0,0,0,0,0,99,0,99,"74,543,104",0,"98,832,384",
124,"AutoMark","61,863.41",25,0,0,24,0,0,0,0,0,0,0,99,0,99,"75,526,144",0,"99,774,464",
125,"AutoMark","62,363.57",29,0,1,28,0,0,0,0,0,0,0,99,0,99,"76,509,184",0,"100,704,256",
126,"AutoMark","62,863.69",28,0,2,26,0,0,0,0,0,0,0,99,0,99,"77,340,672",0,"101,543,936",
127,"AutoMark","63,363.83",29,0,3,26,0,0,0,0,0,0,0,99,0,99,"78,364,672",0,"102,526,976",
128,"AutoMark","63,863.99",31,0,1,29,0,0,0,0,0,0,0,99,0,99,"79,220,736",0,"103,378,944",
129,"AutoMark","64,364.11",29,1,1,28,0,0,0,0,0,0,0,99,0,99,"80,195,584",0,"104,288,256",
130,"AutoMark","64,864.30",28,0,1,26,0,0,0,0,0,0,0,99,0,99,"81,215,488",0,"105,267,200",
131,"AutoMark","65,364.38",27,0,0,26,0,0,0,0,0,0,0,99,0,99,"82,219,008",0,"106,274,816",
132,"AutoMark","65,888.63",25,0,1,25,0,0,0,0,0,0,0,101,0,101,"83,312,640",0,"107,290,624",
133,"AutoMark","66,389.94",29,0,3,25,0,0,0,0,0,0,0,96,0,96,"84,180,992",0,"108,199,936",
134,"AutoMark","66,890.76",29,13,0,28,0,0,0,0,0,0,0,99,0,99,"85,041,152",0,"109,006,848",
135,"AutoMark","67,390.89",31,0,1,29,0,0,0,0,0,0,0,99,0,99,"86,011,904",0,"109,944,832",
136,"AutoMark","67,891.24",31,0,1,29,0,0,0,0,0,0,0,99,0,99,"125,005,824",0,"108,675,072",
137,"AutoMark","68,392.18",29,0,3,26,0,0,0,0,0,0,0,99,3,96,"102,404,096",0,"126,279,680",
138,"AutoMark","68,892.32",26,0,1,24,0,0,0,0,0,0,0,96,0,96,"103,350,272",0,"127,160,320",
139,"AutoMark","69,392.45",25,0,0,24,0,0,0,0,0,0,0,99,0,99,"104,427,520",0,"128,258,048",
140,"AutoMark","69,892.58",25,0,0,24,0,0,0,0,0,0,0,96,0,96,"105,480,192",0,"129,261,568",
141,"AutoMark","70,395.71",30,0,0,29,0,0,0,0,0,0,0,99,0,99,"106,553,344",0,"130,281,472",
142,"AutoMark","70,895.86",30,0,1,28,0,0,0,0,0,0,0,99,0,99,"107,343,872",0,"131,022,848",
143,"AutoMark","71,398.99",29,0,0,28,0,0,0,0,0,0,0,99,0,99,"108,343,296",0,"132,026,368",
144,"AutoMark","71,899.12",31,0,3,27,0,0,0,0,0,0,0,99,0,99,"109,211,648",0,"132,874,240",
145,"AutoMark","72,399.25",28,0,1,26,0,0,0,0,0,0,0,96,0,96,"110,010,368",0,"133,689,344",
146,"AutoMark","72,899.40",26,0,0,25,0,0,0,0,0,0,0,99,0,99,"110,948,352",0,"134,565,888",
147,"AutoMark","73,399.53",29,"2,803",2,27,0,0,0,0,0,0,0,99,0,99,"112,021,504",0,"135,606,272",
148,"AutoMark","73,899.68",34,3,2,32,0,0,0,0,0,0,0,99,0,99,"112,955,392",0,"136,519,680",
149,"AutoMark","74,399.78",30,0,0,29,0,0,0,0,0,0,0,99,0,99,"113,676,288",0,"137,261,056",
150,"AutoMark","74,899.92",30,0,1,28,0,0,0,0,0,0,0,99,0,99,"114,806,784",0,"138,326,016",
151,"AutoMark","75,420.35",30,0,3,29,0,0,0,0,0,0,0,102,0,102,"115,654,656",0,"139,177,984",
152,"AutoMark","75,921.21",27,0,0,27,0,0,0,0,0,0,0,99,0,99,"116,551,680",0,"140,029,952",
153,"AutoMark","76,422.30",31,0,0,31,0,0,0,0,0,0,0,99,0,99,"117,481,472",0,"140,967,936",
154,"AutoMark","76,922.53",25,0,0,25,0,0,0,0,0,0,0,99,0,99,"118,288,384",0,"141,721,600",
155,"AutoMark","77,422.70",28,0,1,26,0,0,0,0,0,0,0,99,0,99,"119,222,272",0,"142,594,048",
156,"AutoMark","77,924.85",31,0,3,28,0,0,0,0,0,0,0,99,0,99,"120,090,624",0,"143,495,168",
157,"AutoMark","78,425.83",33,0,0,32,0,0,0,0,0,0,0,99,0,99,"121,253,888",0,"144,584,704",
158,"AutoMark","78,926.00",28,0,0,28,0,0,0,0,0,0,0,99,0,99,"122,187,776",0,"145,465,344",
159,"AutoMark","79,426.14",28,0,3,25,0,0,0,0,0,0,0,96,0,96,"123,084,800",0,"146,378,752",
160,"AutoMark","79,926.29",26,0,2,24,0,0,0,0,0,0,0,96,0,96,"124,088,320",0,"147,333,120",
161,"AutoMark","80,426.41",29,0,2,27,0,0,0,0,0,0,0,99,0,99,"124,809,216",0,"148,033,536",
162,"AutoMark","80,926.57",26,0,0,26,0,0,0,0,0,0,0,99,0,99,"125,874,176",0,"149,106,688",
163,"AutoMark","81,430.71",26,0,0,25,0,0,0,0,0,0,0,99,0,99,"126,812,160",0,"149,983,232",
164,"AutoMark","81,930.82",27,0,1,25,0,0,0,0,0,0,0,99,0,99,"127,688,704",0,"150,863,872",
165,"AutoMark","82,430.95",30,0,0,30,0,0,0,0,0,0,0,99,0,99,"128,737,280",0,"151,846,912",
166,"AutoMark","82,931.06",28,0,1,27,0,0,0,0,0,0,0,99,0,99,"129,531,904",0,"152,653,824",
167,"AutoMark","83,431.22",32,0,2,29,0,0,0,0,0,0,0,96,0,96,"130,457,600",0,"153,526,272",
168,"AutoMark","83,931.36",28,0,1,27,0,0,0,0,0,0,0,99,0,99,"131,260,416",0,"154,341,376",
169,"AutoMark","84,431.49",28,0,2,26,0,0,0,0,0,0,0,99,0,99,"132,182,016",0,"155,217,920",
170,"AutoMark","84,931.62",26,0,0,25,0,0,0,0,0,0,0,99,0,99,"133,386,240",0,"156,385,280",
171,"AutoMark","85,431.76",30,0,2,28,0,0,0,0,0,0,0,99,0,99,"134,664,192",0,"157,593,600",
172,"AutoMark","85,931.89",30,0,0,30,0,0,0,0,0,0,0,99,0,99,"135,458,816",0,"158,408,704",
173,"AutoMark","86,432.02",28,0,0,28,0,0,0,0,0,0,0,99,0,99,"136,462,336",0,"159,350,784",
174,"AutoMark","86,932.15",32,1,1,31,0,0,0,0,0,0,0,99,0,99,"137,244,672",0,"160,165,888",
175,"AutoMark","87,432.31",29,0,3,26,0,0,0,0,0,0,0,99,3,96,"98,770,944",0,"121,769,984",
176,"AutoMark","87,932.45",24,0,5,18,0,0,0,0,0,0,0,81,6,74,"100,040,704",0,"123,101,184",
177,"AutoMark","88,433.92",25,0,2,23,0,0,0,0,0,0,0,99,6,93,"101,675,008",0,"124,682,240",
178,"AutoMark","88,937.80",26,0,1,26,0,0,0,0,0,0,0,102,0,102,"104,407,040",0,"127,442,944",
179,"AutoMark","89,439.99",25,5,4,20,0,0,0,0,0,0,0,74,3,71,"104,493,056",0,"128,196,608",
180,"AutoMark","89,956.25",31,0,2,29,0,0,0,0,0,0,0,99,0,99,"104,493,056",0,"128,196,608",
181,"AutoMark","90,457.26",29,0,0,28,0,0,0,0,0,0,0,99,0,99,"104,493,056",0,"128,196,608",
182,"AutoMark","90,957.28",29,0,1,28,0,0,0,0,0,0,0,99,0,99,"104,493,056",0,"128,196,608",
183,"AutoMark","91,461.41",28,0,1,26,0,0,0,0,0,0,0,96,0,96,"104,493,056",0,"128,208,896",
184,"AutoMark","91,961.52",26,0,0,25,0,0,0,0,0,0,0,99,0,99,"104,493,056",0,"128,208,896",
185,"AutoMark","92,461.66",25,0,0,24,0,0,0,0,0,0,0,99,0,99,"104,493,056",0,"128,208,896",
186,"AutoMark","92,961.80",28,0,1,26,0,0,0,0,0,0,0,99,0,99,"104,493,056",0,"128,208,896",
187,"AutoMark","93,461.94",28,0,0,28,0,0,0,0,0,0,0,99,0,99,"104,493,056",0,"128,208,896",
188,"AutoMark","93,962.06",30,0,1,28,0,0,0,0,0,0,0,99,0,99,"104,493,056",0,"128,208,896",
189,"AutoMark","94,462.21",29,0,2,27,0,0,0,0,0,0,0,96,0,96,"104,493,056",0,"128,208,896",
190,"AutoMark","94,962.34",29,0,2,27,0,0,0,0,0,0,0,99,0,99,"104,493,056",0,"128,208,896",
191,"AutoMark","95,462.48",28,0,1,26,0,0,0,0,0,0,0,99,0,99,"104,493,056",0,"128,208,896",
192,"AutoMark","95,962.61",27,0,0,26,0,0,0,0,0,0,0,99,0,99,"104,493,056",0,"128,208,896",
193,"AutoMark","96,472.62",26,0,1,26,0,0,0,0,0,0,0,101,0,101,"104,493,056",0,"128,208,896",
194,"AutoMark","96,973.88",28,0,3,24,0,0,0,0,0,0,0,93,0,93,"104,493,056",0,"128,208,896",
195,"AutoMark","97,474.06",34,0,3,31,0,0,0,0,0,0,0,99,3,96,"104,493,056",0,"128,208,896",
196,"AutoMark","97,980.13",32,0,3,27,0,0,0,0,0,0,0,98,0,98,"104,493,056",0,"128,208,896",
197,"AutoMark","98,481.30",32,0,3,29,0,0,0,0,0,0,0,99,0,99,"104,493,056",0,"128,208,896",
198,"AutoMark","98,984.42",25,0,0,27,0,0,0,0,0,0,0,102,0,102,"104,493,056",0,"128,208,896",
199,"AutoMark","99,484.78",42,0,3,39,0,0,0,0,0,0,0,96,0,96,"104,493,056",0,"128,208,896",
200,"AutoMark","99,985.71",47,820,2,45,0,0,0,0,0,0,0,90,0,90,"104,493,056",0,"128,208,896",
201,"AutoMark","100,485.83",28,0,3,25,0,0,0,0,0,0,0,99,0,99,"104,493,056",0,"128,208,896",
202,"AutoMark","100,985.94",42,0,4,37,0,0,0,0,0,0,0,99,0,99,"104,493,056",0,"128,208,896",
203,"AutoMark","101,490.09",29,0,1,27,0,0,0,0,0,0,0,99,0,99,"104,493,056",0,"128,208,896",
204,"AutoMark","101,990.23",33,0,3,30,0,0,0,0,0,0,0,99,0,99,"104,493,056",0,"128,208,896",
205,"AutoMark","102,490.35",53,0,3,49,0,0,0,0,0,0,0,99,0,99,"104,493,056",0,"128,208,896",
206,"AutoMark","102,990.53",42,0,1,40,0,0,0,0,0,0,0,96,0,96,"104,493,056",0,"128,208,896",
207,"AutoMark","103,492.46",29,1,0,28,0,0,0,0,0,0,0,99,0,99,"104,493,056",0,"128,208,896",
208,"AutoMark","103,993.79",33,3,4,28,0,0,0,0,0,0,0,96,0,96,"104,493,056",0,"128,208,896",
209,"AutoMark","104,493.91",27,0,1,25,0,0,0,0,0,0,0,99,0,99,"104,493,056",0,"128,208,896",
210,"AutoMark","104,994.05",28,0,0,27,0,0,0,0,0,0,0,99,0,99,"104,493,056",0,"128,217,088",
211,"AutoMark","105,498.38",30,0,3,29,0,0,0,0,0,0,0,99,0,99,"104,493,056",0,"128,217,088",
212,"AutoMark","106,000.34",50,0,7,42,0,0,0,0,0,0,0,99,0,99,"104,493,056",0,"128,217,088",
213,"AutoMark","106,507.43",46,0,3,41,0,0,0,0,0,0,0,98,0,98,"104,493,056",0,"128,217,088",
214,"AutoMark","107,007.59",38,0,0,37,0,0,0,0,0,0,0,99,0,99,"104,493,056",0,"128,217,088",
215,"AutoMark","107,507.73",28,0,0,28,0,0,0,0,0,0,0,99,0,99,"104,493,056",0,"128,217,088",
216,"AutoMark","108,015.91",38,1,2,37,0,0,0,0,0,0,0,101,0,101,"104,493,056",0,"128,217,088",
217,"AutoMark","108,522.11",51,5,2,47,0,0,0,0,0,0,0,98,0,98,"104,493,056",0,"128,217,088",
218,"AutoMark","109,023.22",32,5,6,25,0,0,0,0,0,0,0,96,0,96,"104,493,056",0,"128,217,088",
219,"AutoMark","109,525.36",54,5,9,45,0,0,0,0,0,0,0,93,0,93,"104,493,056",0,"128,217,088",
220,"AutoMark","110,025.38",45,15,2,42,0,0,0,0,0,0,0,96,0,96,"104,493,056",0,"128,217,088",
221,"AutoMark","110,525.51",54,0,4,49,0,0,0,0,0,0,0,93,0,93,"104,493,056",0,"128,217,088",
222,"AutoMark","111,026.65",40,0,3,39,0,0,0,0,0,0,0,99,0,99,"104,493,056",0,"128,217,088",
223,"AutoMark","111,531.77",45,1,4,40,0,0,0,0,0,0,0,95,0,95,"104,493,056",0,"128,217,088",
224,"AutoMark","112,034.95",37,0,7,29,0,0,0,0,0,0,0,96,0,96,"104,493,056",0,"128,217,088",
225,"AutoMark","112,535.77",55,17,2,53,0,0,0,0,0,0,0,87,0,87,"104,493,056",0,"128,217,088",
226,"AutoMark","113,038.19",78,11,16,62,0,0,0,0,0,0,0,84,0,84,"104,493,056",0,"128,217,088",
227,"AutoMark","113,544.05",57,0,10,46,0,0,0,0,0,0,0,92,0,92,"104,493,056",0,"128,258,048",
228,"AutoMark","114,044.34",57,0,12,44,0,0,0,0,0,0,0,84,0,84,"104,493,056",0,"128,258,048",
229,"AutoMark","114,546.35",71,37,10,63,0,0,0,0,0,0,0,71,0,71,"104,493,056",0,"128,258,048",
230,"AutoMark","115,047.46",66,1,14,52,0,0,0,0,0,0,0,77,3,74,"104,493,056",0,"128,258,048",
231,"AutoMark","115,549.54",54,0,2,52,0,0,0,0,0,0,0,87,3,84,"104,493,056",0,"128,258,048",
232,"AutoMark","116,059.01",55,0,4,49,0,0,0,0,0,0,0,82,0,82,"104,493,056",0,"128,258,048",
233,"AutoMark","116,559.82",46,0,2,43,0,0,0,0,0,0,0,96,0,96,"104,493,056",0,"128,258,048",
234,"AutoMark","117,059.99",35,0,1,34,0,0,0,0,0,0,0,96,0,96,"104,493,056",0,"128,282,624",
235,"AutoMark","117,560.25",34,0,1,32,0,0,0,0,0,0,0,99,0,99,"104,493,056",0,"128,282,624",
236,"AutoMark","118,061.26",33,0,3,32,0,0,0,0,0,0,0,99,0,99,"104,493,056",0,"128,282,624",
237,"AutoMark","118,562.27",35,0,0,35,0,0,0,0,0,0,0,99,0,99,"104,493,056",0,"128,282,624",
238,"AutoMark","119,062.48",46,0,7,38,0,0,0,0,0,0,0,90,0,90,"104,493,056",0,"128,282,624",
239,"AutoMark","119,562.64",45,0,3,42,0,0,0,0,0,0,0,93,0,93,"104,493,056",0,"128,282,624",
240,"AutoMark","120,062.80",39,0,0,39,0,0,0,0,0,0,0,99,0,99,"104,493,056",0,"128,282,624",
241,"AutoMark","120,565.91",35,0,1,33,0,0,0,0,0,0,0,99,0,99,"104,493,056",0,"128,282,624",
242,"AutoMark","121,066.05",39,0,1,37,0,0,0,0,0,0,0,96,0,96,"104,493,056",0,"128,282,624",
243,"AutoMark","121,569.23",51,0,3,47,0,0,0,0,0,0,0,96,0,96,"104,493,056",0,"128,282,624",
244,"AutoMark","122,069.33",42,31,6,36,0,0,0,0,0,0,0,99,0,99,"104,493,056",0,"128,282,624",
245,"AutoMark","122,572.38",47,0,3,44,0,0,0,0,0,0,0,93,0,93,"104,493,056",0,"128,282,624",
246,"AutoMark","123,073.63",43,0,0,42,0,0,0,0,0,0,0,96,0,96,"104,493,056",0,"128,282,624",
247,"AutoMark","123,576.73",42,0,2,42,0,0,0,0,0,0,0,96,0,96,"104,493,056",0,"128,282,624",
248,"AutoMark","124,076.85",40,0,1,38,0,0,0,0,0,0,0,96,0,96,"104,493,056",0,"128,282,624",
249,"AutoMark","124,577.16",33,0,1,32,0,0,0,0,0,0,0,96,0,96,"104,493,056",0,"128,282,624",
250,"AutoMark","125,078.26",35,0,0,35,0,0,0,0,0,0,0,99,0,99,"104,493,056",0,"128,282,624",
251,"AutoMark","125,579.28",36,1,3,33,0,0,0,0,0,0,0,90,0,90,"104,493,056",0,"128,282,624",
252,"AutoMark","126,083.39",59,0,6,51,0,0,0,0,0,0,0,96,0,96,"104,493,056",0,"128,282,624",
253,"AutoMark","126,583.51",56,0,7,49,0,0,0,0,0,0,0,93,3,90,"104,493,056",0,"128,282,624",
254,"AutoMark","127,084.65",64,7,4,59,0,0,0,0,0,0,0,93,3,90,"104,493,056",0,"128,282,624",
255,"AutoMark","127,584.79",42,0,3,39,0,0,0,0,0,0,0,93,0,93,"104,493,056",0,"128,282,624",
256,"AutoMark","128,084.94",34,0,3,31,0,0,0,0,0,0,0,99,0,99,"104,493,056",0,"128,282,624",
257,"AutoMark","128,585.08",32,0,1,31,0,0,0,0,0,0,0,99,0,99,"104,493,056",0,"128,282,624",
258,"AutoMark","129,085.18",35,0,0,35,0,0,0,0,0,0,0,96,0,96,"104,493,056",0,"128,282,624",
259,"AutoMark","129,585.32",45,1,9,35,0,0,0,0,0,0,0,93,0,93,"104,493,056",0,"128,282,624",
260,"AutoMark","130,085.47",37,0,3,34,0,0,0,0,0,0,0,96,0,96,"104,493,056",0,"128,282,624",
261,"AutoMark","130,585.60",38,0,2,35,0,0,0,0,0,0,0,99,0,99,"104,493,056",0,"128,282,624",
262,"AutoMark","131,085.79",32,0,1,31,0,0,0,0,0,0,0,99,0,99,"104,493,056",0,"128,282,624",
263,"AutoMark","131,592.51",35,0,3,33,0,0,0,0,0,0,0,98,0,98,"104,493,056",0,"128,282,624",
264,"AutoMark","132,097.02",42,0,4,37,0,0,0,0,0,0,0,92,0,92,"104,493,056",0,"128,282,624",
265,"AutoMark","132,597.17",42,0,1,40,0,0,0,0,0,0,0,99,0,99,"104,493,056",0,"128,282,624",
266,"AutoMark","133,097.27",42,0,1,40,0,0,0,0,0,0,0,99,0,99,"104,493,056",0,"128,282,624",
267,"AutoMark","133,597.40",39,1,3,35,0,0,0,0,0,0,0,96,0,96,"104,493,056",0,"128,282,624",
268,"AutoMark","134,097.56",46,3,4,42,0,0,0,0,0,0,0,96,0,96,"104,493,056",0,"128,282,624",
269,"AutoMark","134,597.68",48,0,5,42,0,0,0,0,0,0,0,93,0,93,"104,493,056",0,"128,282,624",
270,"AutoMark","135,097.81",38,0,3,34,0,0,0,0,0,0,0,96,0,96,"104,493,056",0,"128,282,624",
271,"AutoMark","135,597.94",38,0,1,36,0,0,0,0,0,0,0,96,0,96,"104,493,056",0,"128,282,624",
272,"AutoMark","136,100.07",39,0,0,38,0,0,0,0,0,0,0,99,0,99,"104,493,056",0,"128,282,624",
273,"AutoMark","136,600.11",20,1,3,16,0,0,0,0,0,0,0,21,3,18,"104,701,952",0,"128,610,304",
274,"AutoMark","137,101.05",16,0,2,14,0,0,0,0,0,0,0,0,0,0,"104,701,952",0,"128,610,304",
275,"AutoMark","137,601.07",15,0,1,14,0,0,0,0,0,0,0,0,0,0,"104,701,952",0,"128,610,304",
276,"AutoMark","138,101.25",19,0,4,14,0,0,0,0,0,0,0,0,0,0,"104,701,952",0,"128,610,304",
277,"AutoMark","138,601.97",28,0,7,21,0,0,0,0,0,0,0,0,0,0,"104,701,952",0,"128,610,304",
278,"AutoMark","139,103.00",28,0,6,21,0,0,0,0,0,0,0,0,0,0,"104,701,952",0,"128,610,304",
279,"AutoMark","139,604.20",34,79,7,26,0,0,0,0,0,0,0,0,0,0,"104,701,952",0,"128,610,304",
280,"AutoMark","140,106.66",35,3,5,29,0,0,0,0,0,0,0,0,0,0,"104,701,952",0,"128,610,304",
281,"AutoMark","140,610.86",42,5,11,33,0,0,0,0,0,0,0,0,0,0,"104,701,952",0,"128,610,304",
282,"AutoMark","141,113.43",33,"1,405",10,22,0,0,0,0,0,0,0,0,0,0,"104,701,952",0,"128,606,208",
283,"AutoMark","141,620.74",16,469,3,10,0,0,0,0,0,0,0,0,0,0,"104,701,952",0,"128,606,208",
284,"AutoMark","142,121.48",17,1,6,10,0,0,0,0,0,0,0,0,0,0,"104,701,952",0,"128,606,208",
285,"AutoMark","142,623.52",19,0,4,14,0,0,0,0,0,0,0,0,0,0,"104,701,952",0,"128,606,208",
286,"AutoMark","143,124.06",12,0,3,12,0,0,0,0,0,0,0,0,0,0,"104,701,952",0,"128,606,208",
287,"AutoMark","143,624.71",18,0,5,12,0,0,0,0,0,0,0,0,0,0,"104,701,952",0,"128,606,208",
288,"AutoMark","144,127.34",22,0,2,19,0,0,0,0,0,0,0,0,0,0,"104,701,952",0,"128,606,208",
289,"AutoMark","144,631.53",28,0,7,20,0,0,0,0,0,0,0,0,0,0,"104,701,952",0,"128,606,208",
290,"AutoMark","145,132.39",27,0,5,21,0,0,0,0,0,0,0,0,0,0,"104,701,952",0,"128,606,208",
291,"AutoMark","145,633.38",17,0,3,14,0,0,0,0,0,0,0,0,0,0,"104,701,952",0,"128,606,208",
292,"AutoMark","146,135.25",23,0,4,18,0,0,0,0,0,0,0,0,0,0,"104,701,952",0,"128,606,208",
293,"AutoMark","146,636.67",18,0,2,15,0,0,0,0,0,0,0,0,0,0,"104,701,952",0,"128,606,208",
294,"AutoMark","147,138.07",25,0,3,21,0,0,0,0,0,0,0,0,0,0,"104,701,952",0,"128,606,208",
295,"AutoMark","147,641.07",22,0,5,20,0,0,0,0,0,0,0,0,0,0,"104,701,952",0,"128,606,208",
296,"AutoMark","148,143.72",17,0,4,12,0,0,0,0,0,0,0,0,0,0,"104,701,952",0,"128,606,208",
297,"AutoMark","148,644.31",28,0,7,20,0,0,0,0,0,0,0,0,0,0,"104,701,952",0,"128,606,208",
298,"AutoMark","149,145.55",37,0,7,30,0,0,0,0,0,0,0,0,0,0,"104,701,952",0,"128,606,208",
299,"AutoMark","149,645.71",41,0,7,34,0,0,0,0,0,0,0,0,0,0,"104,701,952",0,"128,606,208",
300,"AutoMark","150,145.71",15,0,3,11,0,0,0,0,0,0,0,0,0,0,"104,701,952",0,"128,606,208",
301,"AutoMark","150,646.57",29,0,9,20,0,0,0,0,0,0,0,0,0,0,"104,701,952",0,"128,606,208",
302,"AutoMark","151,146.81",13,0,3,9,0,0,0,0,0,0,0,0,0,0,"104,701,952",0,"128,606,208",
303,"AutoMark","151,651.63",17,0,3,12,0,0,0,0,0,0,0,0,0,0,"104,701,952",0,"128,606,208",
304,"AutoMark","152,152.31",22,0,7,15,0,0,0,0,0,0,0,0,0,0,"104,701,952",0,"128,606,208",
305,"AutoMark","152,652.58",15,0,2,13,0,0,0,0,0,0,0,0,0,0,"104,701,952",0,"128,606,208",
306,"AutoMark","153,152.77",11,0,4,7,0,0,0,0,0,0,0,0,0,0,"104,701,952",0,"128,606,208",
307,"AutoMark","153,653.26",15,3,2,13,0,0,0,0,0,0,0,0,0,0,"104,701,952",0,"128,606,208",
308,"AutoMark","154,157.59",12,0,2,12,0,0,0,0,0,0,0,0,0,0,"104,701,952",0,"128,606,208",
309,"AutoMark","154,658.65",22,0,5,17,0,0,0,0,0,0,0,0,0,0,"104,701,952",0,"128,606,208",
310,"AutoMark","155,160.67",25,0,6,18,0,0,0,0,0,0,0,0,0,0,"104,701,952",0,"128,606,208",
311,"AutoMark","155,662.70",33,0,4,28,0,0,0,0,0,0,0,0,0,0,"104,701,952",0,"128,606,208",
312,"AutoMark","156,164.01",29,0,4,24,0,0,0,0,0,0,0,0,0,0,"104,701,952",0,"128,606,208",
313,"AutoMark","156,665.07",22,0,3,19,0,0,0,0,0,0,0,0,0,0,"104,701,952",0,"128,606,208",
314,"AutoMark","157,166.13",16,0,3,12,0,0,0,0,0,0,0,0,0,0,"104,701,952",0,"128,606,208",
315,"AutoMark","157,667.12",25,0,5,19,0,0,0,0,0,0,0,0,0,0,"104,701,952",0,"128,606,208",
316,"AutoMark","158,168.13",23,0,10,13,0,0,0,0,0,0,0,0,0,0,"104,701,952",0,"128,606,208",
317,"AutoMark","158,668.64",21,0,3,18,0,0,0,0,0,0,0,0,0,0,"104,701,952",0,"128,606,208",
318,"AutoMark","159,170.25",14,0,3,10,0,0,0,0,0,0,0,0,0,0,"104,701,952",0,"128,606,208",
319,"AutoMark","159,671.11",12,0,2,11,0,0,0,0,0,0,0,0,0,0,"104,701,952",0,"128,606,208",
320,"AutoMark","160,173.48",26,0,3,24,0,0,0,0,0,0,0,0,0,0,"104,701,952",0,"128,606,208",
321,"AutoMark","160,674.06",35,0,5,29,0,0,0,0,0,0,0,0,0,0,"104,701,952",0,"128,606,208",
322,"AutoMark","161,175.29",38,0,5,32,0,0,0,0,0,0,0,0,0,0,"104,701,952",0,"128,606,208",
323,"AutoMark","161,681.19",19,0,3,15,0,0,0,0,0,0,0,0,0,0,"104,701,952",0,"128,606,208",
324,"AutoMark","162,181.91",20,0,5,14,0,0,0,0,0,0,0,0,0,0,"104,701,952",0,"128,606,208",
325,"AutoMark","162,682.01",15,0,3,12,0,0,0,0,0,0,0,0,0,0,"104,701,952",0,"128,606,208",
326,"AutoMark","163,182.64",20,0,6,14,0,0,0,0,0,0,0,0,0,0,"104,701,952",0,"128,606,208",
327,"AutoMark","163,682.93",15,0,4,10,0,0,0,0,0,0,0,0,0,0,"104,701,952",0,"128,606,208",
328,"AutoMark","164,183.82",25,5,2,23,0,0,0,0,0,0,0,0,0,0,"104,701,952",0,"128,606,208",
329,"AutoMark","164,683.97",20,0,4,15,0,0,0,0,0,0,0,0,0,0,"104,701,952",0,"128,606,208",
330,"AutoMark","165,184.02",17,0,7,10,0,0,0,0,0,0,0,0,0,0,"104,701,952",0,"128,606,208",
331,"AutoMark","165,685.03",14,0,3,10,0,0,0,0,0,0,0,0,0,0,"104,701,952",0,"128,606,208",
332,"AutoMark","166,185.94",18,0,6,12,0,0,0,0,0,0,0,0,0,0,"104,701,952",0,"128,606,208",
333,"AutoMark","166,687.33",12,0,1,14,0,0,0,0,0,0,0,0,0,0,"104,701,952",0,"128,606,208",
334,"AutoMark","167,188.26",24,0,7,17,0,0,0,0,0,0,0,0,0,0,"104,701,952",0,"128,606,208",
335,"AutoMark","167,690.37",13,0,3,10,0,0,0,0,0,0,0,0,0,0,"104,701,952",0,"128,606,208",
336,"AutoMark","168,192.71",15,0,3,10,0,0,0,0,0,0,0,0,0,0,"104,701,952",0,"128,606,208",
337,"AutoMark","168,693.41",22,0,8,14,0,0,0,0,0,0,0,0,0,0,"104,701,952",0,"128,606,208",
338,"AutoMark","169,195.03",29,0,7,21,0,0,0,0,0,0,0,0,0,0,"104,701,952",0,"128,606,208",
339,"AutoMark","169,695.80",22,0,7,14,0,0,0,0,0,0,0,0,0,0,"104,701,952",0,"128,606,208",
340,"AutoMark","170,197.33",22,0,3,17,0,0,0,0,0,0,0,0,0,0,"104,701,952",0,"128,606,208",
341,"AutoMark","170,698.67",18,0,6,12,0,0,0,0,0,0,0,0,0,0,"104,701,952",0,"128,606,208",
342,"AutoMark","171,199.09",23,0,4,20,0,0,0,0,0,0,0,0,0,0,"104,701,952",0,"128,606,208",
343,"AutoMark","171,704.05",11,0,2,10,0,0,0,0,0,0,0,0,0,0,"104,701,952",0,"128,606,208",
344,"AutoMark","172,204.87",20,0,3,17,0,0,0,0,0,0,0,0,0,0,"104,701,952",0,"128,606,208",
345,"AutoMark","172,705.70",27,7,8,18,0,0,0,0,0,0,0,0,0,0,"104,701,952",0,"128,606,208",
346,"AutoMark","173,212.59",42,0,13,27,0,0,0,0,0,0,0,0,0,0,"104,701,952",0,"128,606,208",
347,"AutoMark","173,712.62",32,0,13,18,0,0,0,0,0,0,0,0,0,0,"104,701,952",0,"128,606,208",
348,"AutoMark","174,212.69",27,0,7,20,0,0,0,0,0,0,0,0,0,0,"104,701,952",0,"128,606,208",
349,"AutoMark","174,712.74",16,0,3,12,0,0,0,0,0,0,0,0,0,0,"104,701,952",0,"128,606,208",
350,"AutoMark","175,214.32",21,0,2,18,0,0,0,0,0,0,0,0,0,0,"104,701,952",0,"128,606,208",
351,"AutoMark","175,716.22",25,0,4,20,0,0,0,0,0,0,0,0,0,0,"104,701,952",0,"128,606,208",
352,"AutoMark","176,217.61",18,0,2,15,0,0,0,0,0,0,0,0,0,0,"104,701,952",0,"128,606,208",
353,"AutoMark","176,719.36",24,0,9,17,0,0,0,0,0,0,0,0,0,0,"104,701,952",0,"128,606,208",
354,"AutoMark","177,220.63",15,0,3,10,0,0,0,0,0,0,0,0,0,0,"104,701,952",0,"128,606,208",
355,"AutoMark","177,720.71",14,0,3,10,0,0,0,0,0,0,0,0,0,0,"104,701,952",0,"128,606,208",
356,"AutoMark","178,221.30",23,0,5,17,0,0,0,0,0,0,0,0,0,0,"104,701,952",0,"128,606,208",
357,"AutoMark","178,722.41",14,0,1,12,0,0,0,0,0,0,0,0,0,0,"104,701,952",0,"128,606,208",
358,"AutoMark","179,223.53",18,0,4,14,0,0,0,0,0,0,0,0,0,0,"104,701,952",0,"128,606,208",
359,"AutoMark","179,725.20",17,0,4,12,0,0,0,0,0,0,0,0,0,0,"104,701,952",0,"128,606,208",
360,"AutoMark","180,226.97",18,0,4,13,0,0,0,0,0,0,0,0,0,0,"104,701,952",0,"128,606,208",
361,"AutoMark","180,727.43",19,0,7,12,0,0,0,0,0,0,0,0,0,0,"104,701,952",0,"128,606,208",
362,"AutoMark","181,229.26",21,0,5,18,0,0,0,0,0,0,0,0,0,0,"104,701,952",0,"128,606,208",
363,"AutoMark","181,738.16",31,3,5,24,0,0,0,0,0,0,0,0,0,0,"104,701,952",0,"128,606,208",
364,"AutoMark","182,239.00",25,0,2,23,0,0,0,0,0,0,0,0,0,0,"104,701,952",0,"128,606,208",
365,"AutoMark","182,743.32",48,0,5,41,0,0,0,0,0,0,0,0,0,0,"104,701,952",0,"128,606,208",
366,"AutoMark","183,244.62",25,1,7,18,0,0,0,0,0,0,0,0,0,0,"104,701,952",0,"128,606,208",
367,"AutoMark","183,747.40",21,0,3,17,0,0,0,0,0,0,0,0,0,0,"104,701,952",0,"128,606,208",
368,"AutoMark","184,247.75",17,0,3,13,0,0,0,0,0,0,0,0,0,0,"104,701,952",0,"128,606,208",
369,"AutoMark","184,748.14",22,0,4,17,0,0,0,0,0,0,0,0,0,0,"104,701,952",0,"128,606,208",
370,"AutoMark","185,248.69",16,0,3,13,0,0,0,0,0,0,0,0,0,0,"104,701,952",0,"128,606,208",
371,"AutoMark","185,748.89",19,0,2,17,0,0,0,0,0,0,0,0,0,0,"104,701,952",0,"128,606,208",
372,"AutoMark","186,249.44",24,0,4,21,0,0,0,0,0,0,0,0,0,0,"104,701,952",0,"128,606,208",
373,"AutoMark","186,749.47",24,0,3,19,0,0,0,0,0,0,0,0,0,0,"104,701,952",0,"128,606,208",
374,"AutoMark","187,249.86",18,0,3,17,0,0,0,0,0,0,0,0,0,0,"104,701,952",0,"128,606,208",
375,"AutoMark","187,750.19",18,0,3,14,0,0,0,0,0,0,0,0,0,0,"104,701,952",0,"128,606,208",
376,"AutoMark","188,251.14",33,1,10,23,0,0,0,0,0,0,0,0,0,0,"104,701,952",0,"128,606,208",
377,"AutoMark","188,752.64",14,0,0,13,0,0,0,0,0,0,0,0,0,0,"104,701,952",0,"128,606,208",
378,"AutoMark","189,253.85",22,0,6,16,0,0,0,0,0,0,0,0,0,0,"104,701,952",0,"128,606,208",
379,"AutoMark","189,755.22",15,0,3,11,0,0,0,0,0,0,0,0,0,0,"104,701,952",0,"128,606,208",
380,"AutoMark","190,258.16",15,0,5,9,0,0,0,0,0,0,0,0,0,0,"104,701,952",0,"128,606,208",
381,"AutoMark","190,759.02",20,0,4,15,0,0,0,0,0,0,0,0,0,0,"104,701,952",0,"128,606,208",
382,"AutoMark","191,261.06",19,0,11,10,0,0,0,0,0,0,0,0,0,0,"104,701,952",0,"128,606,208",
383,"AutoMark","191,772.09",27,0,9,16,0,0,0,0,0,0,0,0,0,0,"104,701,952",0,"128,606,208",
384,"AutoMark","192,287.04",30,0,13,17,0,0,0,0,0,0,0,0,0,0,"104,701,952",0,"128,606,208",
385,"AutoMark","192,787.88",27,31,5,21,0,0,0,0,0,0,0,0,0,0,"104,701,952",0,"128,606,208",
386,"AutoMark","193,288.66",18,15,7,11,0,0,0,0,0,0,0,0,0,0,"104,701,952",0,"128,606,208",
387,"AutoMark","193,793.91",21,0,8,11,0,0,0,0,0,0,0,0,0,0,"104,701,952",0,"128,606,208",
388,"AutoMark","194,295.25",24,21,7,16,0,0,0,0,0,0,0,0,0,0,"104,701,952",0,"128,606,208",
389,"AutoMark","194,796.08",15,0,7,9,0,0,0,0,0,0,0,0,0,0,"104,701,952",0,"128,606,208",
390,"AutoMark","195,298.37",24,0,13,13,0,0,0,0,0,0,0,0,0,0,"104,701,952",0,"128,606,208",
391,"AutoMark","195,800.85",17,0,5,11,0,0,0,0,0,0,0,0,0,0,"104,701,952",0,"128,606,208",
392,"AutoMark","196,302.81",34,15,9,24,0,0,0,0,0,0,0,0,0,0,"104,701,952",0,"128,606,208",
393,"AutoMark","196,802.88",21,0,8,13,0,0,0,0,0,0,0,0,0,0,"104,701,952",0,"128,606,208",
394,"AutoMark","197,304.49",25,0,7,17,0,0,0,0,0,0,0,0,0,0,"104,701,952",0,"128,606,208",
395,"AutoMark","197,806.87",21,0,9,11,0,0,0,0,0,0,0,0,0,0,"104,701,952",0,"128,606,208",
396,"AutoMark","198,309.35",24,0,7,16,0,0,0,0,0,0,0,0,0,0,"104,701,952",0,"128,606,208",
397,"AutoMark","198,812.77",25,0,10,17,0,0,0,0,0,0,0,0,0,0,"104,701,952",0,"128,606,208",
398,"AutoMark","199,319.42",23,1,3,19,0,0,0,0,0,0,0,0,0,0,"104,701,952",0,"128,606,208",
399,"AutoMark","199,821.48",27,0,10,17,0,0,0,0,0,0,0,0,0,0,"104,701,952",0,"128,606,208",
400,"AutoMark","200,323.31",27,0,7,20,0,0,0,0,0,0,0,0,0,0,"104,701,952",0,"128,606,208",
401,"AutoMark","200,825.63",26,0,3,21,0,0,0,0,0,0,0,0,0,0,"104,701,952",0,"128,606,208",
402,"AutoMark","201,327.74",26,0,7,21,0,0,0,0,0,0,0,0,0,0,"104,701,952",0,"128,606,208",
403,"AutoMark","201,837.33",26,0,6,17,0,0,0,0,0,0,0,0,0,0,"104,701,952",0,"128,606,208",
404,"AutoMark","202,340.61",20,0,6,12,0,0,0,0,0,0,0,0,0,0,"104,701,952",0,"128,606,208",
405,"AutoMark","202,842.22",12,0,1,10,0,0,0,0,0,0,0,0,0,0,"104,701,952",0,"128,606,208",
406,"AutoMark","203,343.49",16,0,6,13,0,0,0,0,0,0,0,0,0,0,"104,701,952",0,"128,606,208",
407,"AutoMark","203,845.34",25,0,6,17,0,0,0,0,0,0,0,0,0,0,"104,701,952",0,"128,606,208",
408,"AutoMark","204,347.84",30,0,9,21,0,0,0,0,0,0,0,0,0,0,"104,701,952",0,"128,606,208",
409,"AutoMark","204,849.40",12,0,5,7,0,0,0,0,0,0,0,0,0,0,"104,701,952",0,"128,606,208",
410,"AutoMark","205,351.08",22,0,6,16,0,0,0,0,0,0,0,0,0,0,"104,701,952",0,"128,606,208",
411,"AutoMark","205,853.69",28,0,9,18,0,0,0,0,0,0,0,0,0,0,"104,701,952",0,"128,606,208",
412,"AutoMark","206,354.66",26,0,8,17,0,0,0,0,0,0,0,0,0,0,"104,701,952",0,"128,606,208",
413,"AutoMark","206,855.08",21,0,3,17,0,0,0,0,0,0,0,0,0,0,"104,701,952",0,"128,606,208",
414,"AutoMark","207,356.57",24,0,7,16,0,0,0,0,0,0,0,0,0,0,"104,701,952",0,"128,606,208",
415,"AutoMark","207,859.56",27,0,8,21,0,0,0,0,0,0,0,0,0,0,"104,701,952",0,"128,606,208",
416,"AutoMark","208,361.08",27,0,4,22,0,0,0,0,0,0,0,0,0,0,"104,701,952",0,"128,606,208",
417,"AutoMark","208,866.52",18,0,3,13,0,0,0,0,0,0,0,0,0,0,"104,701,952",0,"128,606,208",
418,"AutoMark","209,366.67",21,0,3,17,0,0,0,0,0,0,0,0,0,0,"104,701,952",0,"128,606,208",
419,"AutoMark","209,868.27",28,0,4,23,0,0,0,0,0,0,0,0,0,0,"104,701,952",0,"128,606,208",
420,"AutoMark","210,368.82",28,1,6,21,0,0,0,0,0,0,0,0,0,0,"104,701,952",0,"128,606,208",
421,"AutoMark","210,869.07",21,0,9,11,0,0,0,0,0,0,0,0,0,0,"104,701,952",0,"128,606,208",
422,"AutoMark","211,369.63",24,0,8,15,0,0,0,0,0,0,0,0,0,0,"104,701,952",0,"128,606,208",
423,"AutoMark","211,875.12",17,0,8,10,0,0,0,0,0,0,0,0,0,0,"104,701,952",0,"128,606,208",
424,"AutoMark","212,377.03",15,0,2,13,0,0,0,0,0,0,0,0,0,0,"104,701,952",0,"128,606,208",
425,"AutoMark","212,878.57",11,0,3,7,0,0,0,0,0,0,0,0,0,0,"104,701,952",0,"128,606,208",
426,"AutoMark","213,379.14",14,0,2,12,0,0,0,0,0,0,0,0,0,0,"104,701,952",0,"128,606,208",
427,"AutoMark","213,881.66",17,0,1,15,0,0,0,0,0,0,0,0,0,0,"104,701,952",0,"128,606,208",
428,"AutoMark","214,383.12",28,0,2,25,0,0,0,0,0,0,0,0,0,0,"104,701,952",0,"128,606,208",
429,"AutoMark","214,885.14",22,0,7,14,0,0,0,0,0,0,0,0,0,0,"104,701,952",0,"128,606,208",
430,"AutoMark","215,386.46",25,0,4,20,0,0,0,0,0,0,0,0,0,0,"104,701,952",0,"128,606,208",
431,"AutoMark","215,889.55",21,0,4,19,0,0,0,0,0,0,0,0,0,0,"104,701,952",0,"128,606,208",
432,"AutoMark","216,394.48",27,0,6,20,0,0,0,0,0,0,0,0,0,0,"104,701,952",0,"128,606,208",
433,"AutoMark","216,896.29",23,0,7,15,0,0,0,0,0,0,0,0,0,0,"104,701,952",0,"128,606,208",
434,"AutoMark","217,398.10",24,0,5,18,0,0,0,0,0,0,0,0,0,0,"104,701,952",0,"128,606,208",
435,"AutoMark","217,901.15",20,0,3,17,0,0,0,0,0,0,0,0,0,0,"104,701,952",0,"128,606,208",
436,"AutoMark","218,402.59",21,27,3,17,0,0,0,0,0,0,0,0,0,0,"104,701,952",0,"128,606,208",
437,"AutoMark","218,904.18",25,0,9,15,0,0,0,0,0,0,0,0,0,0,"104,701,952",0,"128,606,208",
438,"AutoMark","219,409.20",31,61,15,18,0,0,0,0,0,0,0,0,0,0,"104,701,952",0,"128,602,112",
439,"AutoMark","219,926.68",26,1,13,12,0,0,0,0,0,0,0,0,0,0,"104,701,952",0,"128,602,112",
440,"AutoMark","220,429.36",25,5,5,19,0,0,0,0,0,0,0,0,0,0,"104,701,952",0,"128,602,112",
441,"AutoMark","220,929.65",21,5,3,18,0,0,0,0,0,0,0,0,0,0,"104,701,952",0,"128,602,112",
442,"AutoMark","221,432.65",24,0,8,18,0,0,0,0,0,0,0,0,0,0,"104,701,952",0,"128,602,112",
443,"AutoMark","221,944.98",20,0,4,13,0,0,0,0,0,0,0,0,0,0,"104,701,952",0,"128,602,112",
444,"AutoMark","222,447.40",26,0,10,14,0,0,0,0,0,0,0,0,0,0,"104,701,952",0,"128,602,112",
445,"AutoMark","222,949.90",26,0,6,19,0,0,0,0,0,0,0,0,0,0,"104,701,952",0,"128,602,112",
446,"AutoMark","223,451.31",28,"2,796",9,18,0,0,0,0,0,0,0,0,0,0,"104,701,952",0,"128,602,112",
447,"AutoMark","223,952.00",25,0,6,19,0,0,0,0,0,0,0,0,0,0,"104,701,952",0,"128,602,112",
448,"AutoMark","224,452.22",46,9,12,34,0,0,0,0,0,0,0,0,0,0,"104,701,952",0,"128,602,112",
449,"AutoMark","224,952.25",38,0,11,26,0,0,0,0,0,0,0,0,0,0,"104,701,952",0,"128,602,112",
450,"AutoMark","225,452.71",28,0,7,23,0,0,0,0,0,0,0,0,0,0,"104,701,952",0,"128,602,112",
451,"AutoMark","225,952.75",23,0,4,18,0,0,0,0,0,0,0,0,0,0,"104,701,952",0,"128,602,112",
452,"AutoMark","226,454.23",22,0,1,20,0,0,0,0,0,0,0,0,0,0,"104,701,952",0,"128,602,112",
453,"AutoMark","226,954.28",17,0,0,16,0,0,0,0,0,0,0,0,0,0,"104,701,952",0,"128,602,112",
454,"AutoMark","227,457.11",15,0,5,9,0,0,0,0,0,0,0,0,0,0,"104,701,952",0,"128,602,112",
455,"AutoMark","227,959.60",23,0,8,14,0,0,0,0,0,0,0,0,0,0,"104,701,952",0,"128,602,112",
456,"AutoMark","228,465.07",38,0,13,24,0,0,0,0,0,0,0,0,0,0,"104,701,952",0,"128,602,112",
457,"AutoMark","228,965.29",22,0,6,16,0,0,0,0,0,0,0,0,0,0,"104,701,952",0,"128,598,016",
458,"AutoMark","229,465.38",26,0,6,20,0,0,0,0,0,0,0,0,0,0,"104,701,952",0,"128,598,016",
459,"AutoMark","229,965.66",21,0,6,14,0,0,0,0,0,0,0,0,0,0,"104,701,952",0,"128,598,016",
460,"AutoMark","230,466.57",15,0,4,10,0,0,0,0,0,0,0,0,0,0,"104,701,952",0,"128,598,016",
461,"AutoMark","230,967.04",27,0,4,22,0,0,0,0,0,0,0,0,0,0,"104,701,952",0,"128,598,016",
462,"AutoMark","231,468.64",13,0,5,10,0,0,0,0,0,0,0,0,0,0,"104,701,952",0,"128,598,016",
463,"AutoMark","231,975.67",18,0,4,12,0,0,0,0,0,0,0,0,0,0,"104,701,952",0,"128,598,016",
464,"AutoMark","232,475.87",11,0,1,10,0,0,0,0,0,0,0,0,0,0,"104,701,952",0,"128,598,016",
465,"AutoMark","232,977.18",14,0,4,9,0,0,0,0,0,0,0,0,0,0,"104,701,952",0,"128,598,016",
466,"AutoMark","233,478.83",22,0,4,17,0,0,0,0,0,0,0,0,0,0,"104,701,952",0,"128,598,016",
467,"AutoMark","233,979.52",39,0,6,32,0,0,0,0,0,0,0,0,0,0,"104,701,952",0,"128,598,016",
468,"AutoMark","234,481.32",29,0,9,20,0,0,0,0,0,0,0,0,0,0,"104,701,952",0,"128,598,016",
469,"AutoMark","234,981.70",19,0,7,11,0,0,0,0,0,0,0,0,0,0,"104,701,952",0,"128,598,016",
470,"AutoMark","235,487.56",15,0,5,12,0,0,0,0,0,0,0,0,0,0,"104,701,952",0,"128,598,016",
471,"AutoMark","235,987.79",14,0,7,7,0,0,0,0,0,0,0,0,0,0,"104,701,952",0,"128,598,016",
472,"AutoMark","236,487.93",15,0,2,13,0,0,0,0,0,0,0,0,0,0,"104,701,952",0,"128,598,016",
473,"AutoMark","236,988.86",11,0,3,7,0,0,0,0,0,0,0,0,0,0,"104,701,952",0,"128,598,016",
474,"AutoMark","237,490.43",12,0,1,10,0,0,0,0,0,0,0,0,0,0,"104,701,952",0,"128,598,016",
475,"AutoMark","237,993.23",19,0,3,15,0,0,0,0,0,0,0,0,0,0,"104,701,952",0,"128,598,016",
476,"AutoMark","238,498.92",23,0,5,16,0,0,0,0,0,0,0,0,0,0,"104,701,952",0,"128,598,016",
477,"AutoMark","238,999.88",21,0,6,17,0,0,0,0,0,0,0,0,0,0,"104,701,952",0,"128,598,016",
478,"AutoMark","239,500.14",20,0,5,14,0,0,0,0,0,0,0,0,0,0,"104,701,952",0,"128,598,016",
479,"AutoMark","240,001.36",22,0,4,17,0,0,0,0,0,0,0,0,0,0,"104,701,952",0,"128,598,016",
480,"AutoMark","240,502.29",17,0,3,14,0,0,0,0,0,0,0,0,0,0,"104,701,952",0,"128,598,016",
481,"AutoMark","241,003.33",15,1,4,10,0,0,0,0,0,0,0,0,0,0,"104,701,952",0,"128,598,016",
482,"AutoMark","241,503.32",18,0,3,14,0,0,0,0,0,0,0,0,0,0,"104,701,952",0,"128,598,016",
483,"AutoMark","242,011.45",18,0,3,13,0,0,0,0,0,0,0,0,0,0,"104,701,952",0,"128,598,016",
484,"AutoMark","242,512.38",18,0,3,14,0,0,0,0,0,0,0,0,0,0,"104,701,952",0,"128,598,016",
485,"AutoMark","243,012.80",16,0,1,14,0,0,0,0,0,0,0,0,0,0,"104,701,952",0,"128,598,016",
486,"AutoMark","243,513.30",21,0,5,16,0,0,0,0,0,0,0,0,0,0,"104,701,952",0,"128,598,016",
487,"AutoMark","244,014.32",22,0,4,17,0,0,0,0,0,0,0,0,0,0,"104,701,952",0,"128,598,016",
488,"AutoMark","244,515.87",22,0,4,19,0,0,0,0,0,0,0,0,0,0,"104,701,952",0,"128,598,016",
489,"AutoMark","245,015.93",17,0,3,14,0,0,0,0,0,0,0,0,0,0,"104,701,952",0,"128,598,016",
490,"AutoMark","245,515.94",15,0,5,11,0,0,0,0,0,0,0,0,0,0,"104,701,952",0,"128,598,016",
491,"AutoMark","246,017.38",20,0,4,15,0,0,0,0,0,0,0,0,0,0,"104,701,952",0,"128,598,016",
492,"AutoMark","246,518.46",22,1,3,19,0,0,0,0,0,0,0,0,0,0,"104,701,952",0,"128,598,016",
493,"AutoMark","247,018.62",21,0,4,17,0,0,0,0,0,0,0,0,0,0,"104,701,952",0,"128,598,016",
494,"AutoMark","247,520.64",24,0,7,16,0,0,0,0,0,0,0,0,0,0,"104,701,952",0,"128,598,016",
495,"AutoMark","248,021.73",36,0,8,28,0,0,0,0,0,0,0,0,0,0,"104,701,952",0,"128,598,016",
496,"AutoMark","248,522.07",33,0,10,22,0,0,0,0,0,0,0,0,0,0,"104,701,952",0,"128,598,016",
497,"AutoMark","249,024.63",17,0,3,13,0,0,0,0,0,0,0,0,0,0,"104,701,952",0,"128,598,016",
498,"AutoMark","249,530.21",28,0,6,20,0,0,0,0,0,0,0,0,0,0,"104,701,952",0,"128,598,016",
499,"AutoMark","250,031.15",8,0,3,7,0,0,0,0,0,0,0,0,0,0,"104,701,952",0,"128,598,016",
500,"AutoMark","250,531.74",26,0,3,21,0,0,0,0,0,0,0,0,0,0,"104,701,952",0,"128,598,016",
501,"AutoMark","251,032.93",25,0,3,23,0,0,0,0,0,0,0,0,0,0,"104,701,952",0,"128,598,016",
502,"AutoMark","251,534.13",18,0,4,14,0,0,0,0,0,0,0,0,0,0,"104,701,952",0,"128,598,016",
503,"AutoMark","252,038.22",13,0,1,10,0,0,0,0,0,0,0,0,0,0,"104,701,952",0,"128,598,016",
504,"AutoMark","252,539.09",22,0,4,17,0,0,0,0,0,0,0,0,0,0,"104,701,952",0,"128,598,016",
505,"AutoMark","253,041.08",22,0,3,18,0,0,0,0,0,0,0,0,0,0,"104,701,952",0,"128,598,016",
506,"AutoMark","253,543.57",18,0,2,15,0,0,0,0,0,0,0,0,0,0,"104,701,952",0,"128,598,016",
507,"AutoMark","254,044.37",35,0,5,29,0,0,0,0,0,0,0,0,0,0,"104,701,952",0,"128,598,016",
508,"AutoMark","254,544.86",21,17,5,16,0,0,0,0,0,0,0,0,0,0,"104,701,952",0,"128,598,016",
509,"AutoMark","255,045.38",22,15,7,15,0,0,0,0,0,0,0,0,0,0,"104,701,952",0,"128,598,016",
510,"AutoMark","255,546.10",18,0,2,16,0,0,0,0,0,0,0,0,0,0,"104,701,952",0,"128,598,016",
511,"AutoMark","256,046.54",21,0,4,17,0,0,0,0,0,0,0,0,0,0,"104,701,952",0,"128,598,016",
512,"AutoMark","256,547.13",22,0,7,18,0,0,0,0,0,0,0,0,0,0,"104,701,952",0,"128,598,016",
513,"AutoMark","257,047.72",18,0,3,15,0,0,0,0,0,0,0,0,0,0,"104,701,952",0,"128,598,016",
514,"AutoMark","257,547.89",28,"9,800",3,24,0,0,0,0,0,0,0,0,0,0,"104,701,952",0,"128,598,016",
515,"AutoMark","258,048.72",14,0,1,14,0,0,0,0,0,0,0,0,0,0,"104,701,952",0,"128,598,016",
516,"AutoMark","258,549.19",20,0,4,15,0,0,0,0,0,0,0,0,0,0,"104,701,952",0,"128,598,016",
517,"AutoMark","259,049.20",23,0,6,16,0,0,0,0,0,0,0,0,0,0,"104,701,952",0,"128,598,016",
518,"AutoMark","259,550.04",25,0,7,18,0,0,0,0,0,0,0,0,0,0,"104,701,952",0,"128,598,016",
519,"AutoMark","260,050.89",23,0,6,17,0,0,0,0,0,0,0,0,0,0,"104,701,952",0,"128,598,016",
520,"AutoMark","260,551.86",15,0,3,12,0,0,0,0,0,0,0,0,0,0,"104,701,952",0,"128,598,016",
521,"AutoMark","261,051.99",16,0,1,14,0,0,0,0,0,0,0,0,0,0,"104,701,952",0,"128,598,016",
522,"AutoMark","261,552.86",18,0,3,14,0,0,0,0,0,0,0,0,0,0,"104,701,952",0,"128,598,016",
523,"AutoMark","262,058.21",19,0,4,13,0,0,0,0,0,0,0,0,0,0,"104,701,952",0,"128,598,016",
524,"AutoMark","262,559.93",15,3,2,13,0,0,0,0,0,0,0,0,0,0,"104,701,952",0,"128,598,016",
525,"AutoMark","263,061.52",29,0,10,19,0,0,0,0,0,0,0,0,0,0,"104,701,952",0,"128,598,016",
526,"AutoMark","263,561.97",35,0,8,26,0,0,0,0,0,0,0,0,0,0,"104,701,952",0,"128,598,016",
527,"AutoMark","264,065.60",41,47,9,34,0,0,0,0,0,0,0,0,0,0,"104,701,952",0,"128,598,016",
528,"AutoMark","264,565.98",33,0,6,27,0,0,0,0,0,0,0,0,0,0,"104,701,952",0,"128,598,016",
529,"AutoMark","265,066.45",35,0,13,21,0,0,0,0,0,0,0,0,0,0,"104,701,952",0,"128,598,016",
530,"AutoMark","265,567.84",33,0,13,20,0,0,0,0,0,0,0,0,0,0,"104,701,952",0,"128,598,016",
531,"AutoMark","266,068.43",20,0,7,13,0,0,0,0,0,0,0,0,0,0,"104,701,952",0,"128,598,016",
532,"AutoMark","266,568.89",39,0,22,17,0,0,0,0,0,0,0,0,0,0,"104,701,952",0,"128,598,016",
533,"AutoMark","267,069.46",23,"8,694",10,13,0,0,0,0,0,0,0,0,0,0,"104,701,952",0,"128,598,016",
534,"AutoMark","267,569.60",35,"12,864",11,23,0,0,0,0,0,0,0,0,0,0,"104,701,952",0,"128,598,016",
535,"AutoMark","268,069.72",42,7,10,32,0,0,0,0,0,0,0,0,0,0,"104,701,952",0,"128,598,016",
536,"AutoMark","268,569.93",28,0,6,21,0,0,0,0,0,0,0,0,0,0,"104,701,952",0,"128,598,016",
537,"AutoMark","269,070.71",13,0,3,9,0,0,0,0,0,0,0,0,0,0,"104,701,952",0,"128,598,016",
538,"AutoMark","269,571.10",13,1,2,10,0,0,0,0,0,0,0,0,0,0,"104,701,952",0,"128,598,016",
539,"AutoMark","270,071.13",15,0,4,10,0,0,0,0,0,0,0,0,0,0,"104,701,952",0,"128,598,016",
540,"AutoMark","270,571.97",18,0,2,16,0,0,0,0,0,0,0,0,0,0,"104,701,952",0,"128,598,016",
541,"AutoMark","271,074.89",23,0,3,19,0,0,0,0,0,0,0,0,0,0,"104,701,952",0,"128,598,016",
542,"AutoMark","271,579.61",21,3,4,19,0,0,0,0,0,0,0,0,0,0,"104,701,952",0,"128,598,016",
543,"AutoMark","272,085.18",20,0,3,16,0,0,0,0,0,0,0,0,0,0,"104,701,952",0,"128,598,016",
544,"AutoMark","272,586.24",15,0,6,9,0,0,0,0,0,0,0,0,0,0,"104,701,952",0,"128,598,016",
545,"AutoMark","273,088.52",19,0,3,16,0,0,0,0,0,0,0,0,0,0,"104,701,952",0,"128,598,016",
546,"AutoMark","273,590.96",34,"20,645",10,24,0,0,0,0,0,0,0,0,0,0,"104,701,952",0,"128,598,016",
547,"AutoMark","274,091.75",45,"21,733",13,31,0,0,0,0,0,0,0,0,0,0,"104,701,952",0,"128,598,016",
548,"AutoMark","274,592.29",78,"23,123",13,65,0,0,0,0,0,0,0,0,0,0,"104,701,952",0,"128,598,016",
549,"AutoMark","275,093.93",57,9,10,49,0,0,0,0,0,0,0,0,0,0,"104,701,952",0,"128,598,016",
550,"AutoMark","275,595.42",40,1,11,28,0,0,0,0,0,0,0,0,0,0,"104,701,952",0,"128,598,016",
551,"AutoMark","276,096.35",30,0,10,20,0,0,0,0,0,0,0,0,0,0,"104,701,952",0,"128,598,016",
552,"AutoMark","276,598.09",26,0,4,21,0,0,0,0,0,0,0,0,0,0,"104,701,952",0,"128,598,016",
553,"AutoMark","277,098.12",14,0,0,13,0,0,0,0,0,0,0,0,0,0,"104,701,952",0,"128,598,016",
554,"AutoMark","277,598.51",27,"21,327",5,21,0,0,0,0,0,0,0,0,0,0,"104,701,952",0,"128,598,016",
555,"AutoMark","278,100.10",32,7,5,26,0,0,0,0,0,0,0,0,0,0,"104,701,952",0,"128,598,016",
556,"AutoMark","278,600.50",28,0,4,23,0,0,0,0,0,0,0,0,0,0,"104,701,952",0,"128,598,016",
557,"AutoMark","279,101.45",37,0,8,28,0,0,0,0,0,0,0,0,0,0,"104,701,952",0,"128,598,016",
558,"AutoMark","279,602.35",19,0,4,14,0,0,0,0,0,0,0,0,0,0,"104,701,952",0,"128,598,016",
559,"AutoMark","280,103.30",29,0,10,19,0,0,0,0,0,0,0,0,0,0,"104,701,952",0,"128,598,016",
560,"AutoMark","280,604.89",50,0,12,37,0,0,0,0,0,0,0,0,0,0,"104,701,952",0,"128,598,016",
561,"AutoMark","281,107.43",19,0,3,16,0,0,0,0,0,0,0,0,0,0,"104,701,952",0,"128,598,016",
562,"AutoMark","281,608.80",15,0,4,13,0,0,0,0,0,0,0,0,0,0,"104,701,952",0,"128,598,016",
563,"AutoMark","282,115.58",22,0,5,15,0,0,0,0,0,0,0,0,0,0,"104,701,952",0,"128,598,016",
564,"AutoMark","282,617.18",17,0,5,11,0,0,0,0,0,0,0,0,0,0,"104,701,952",0,"128,598,016",
565,"AutoMark","283,118.58",17,0,3,13,0,0,0,0,0,0,0,0,0,0,"104,701,952",0,"128,598,016",
566,"AutoMark","283,620.06",21,0,7,13,0,0,0,0,0,0,0,0,0,0,"104,701,952",0,"128,598,016",
567,"AutoMark","284,121.82",24,0,7,16,0,0,0,0,0,0,0,0,0,0,"104,701,952",0,"128,598,016",
568,"AutoMark","284,623.60",27,65,7,19,0,0,0,0,0,0,0,0,0,0,"104,701,952",0,"128,598,016",
569,"AutoMark","285,126.03",22,0,6,18,0,0,0,0,0,0,0,0,0,0,"104,701,952",0,"128,598,016",
570,"AutoMark","285,627.33",24,3,6,17,0,0,0,0,0,0,0,0,0,0,"104,701,952",0,"128,598,016",
571,"AutoMark","286,128.80",15,0,2,13,0,0,0,0,0,0,0,0,0,0,"104,701,952",0,"128,598,016",
572,"AutoMark","286,629.98",22,1,7,14,0,0,0,0,0,0,0,0,0,0,"104,701,952",0,"128,598,016",
573,"AutoMark","287,131.94",44,0,11,32,0,0,0,0,0,0,0,0,0,0,"104,701,952",0,"128,598,016",
574,"AutoMark","287,632.53",24,0,6,17,0,0,0,0,0,0,0,0,0,0,"104,701,952",0,"128,598,016",
575,"AutoMark","288,133.07",8,0,3,5,0,0,0,0,0,0,0,0,0,0,"104,701,952",0,"128,598,016",
576,"AutoMark","288,634.95",19,17,5,13,0,0,0,0,0,0,0,0,0,0,"104,701,952",0,"128,598,016",
577,"AutoMark","289,136.84",20,0,3,16,0,0,0,0,0,0,0,0,0,0,"104,701,952",0,"128,598,016",
578,"AutoMark","289,638.47",24,0,6,17,0,0,0,0,0,0,0,0,0,0,"104,701,952",0,"128,598,016",
579,"AutoMark","290,141.78",16,0,7,11,0,0,0,0,0,0,0,0,0,0,"104,701,952",0,"128,598,016",
580,"AutoMark","290,643.37",23,0,8,14,0,0,0,0,0,0,0,0,0,0,"104,701,952",0,"128,598,016",
581,"AutoMark","291,148.26",19,0,7,11,0,0,0,0,0,0,0,0,0,0,"104,701,952",0,"128,598,016",
582,"AutoMark","291,649.48",15,0,4,13,0,0,0,0,0,0,0,0,0,0,"104,701,952",0,"128,598,016",
583,"AutoMark","292,168.33",16,0,3,9,0,0,0,0,0,0,0,0,0,0,"104,701,952",0,"128,598,016",
584,"AutoMark","292,670.73",27,0,6,20,0,0,0,0,0,0,0,0,0,0,"104,701,952",0,"128,598,016",
585,"AutoMark","293,172.01",17,0,6,10,0,0,0,0,0,0,0,0,0,0,"104,701,952",0,"128,598,016",
586,"AutoMark","293,673.92",24,23,10,17,0,0,0,0,0,0,0,0,0,0,"104,701,952",0,"128,598,016",
587,"AutoMark","294,176.88",18,0,6,10,0,0,0,0,0,0,0,0,0,0,"104,701,952",0,"128,598,016",
588,"AutoMark","294,680.76",17,0,2,14,0,0,0,0,0,0,0,0,0,0,"104,701,952",0,"128,598,016",
589,"AutoMark","295,182.85",13,0,7,6,0,0,0,0,0,0,0,0,0,0,"104,701,952",0,"128,598,016",
590,"AutoMark","295,684.55",20,0,6,14,0,0,0,0,0,0,0,0,0,0,"104,701,952",0,"128,598,016",
591,"AutoMark","296,187.16",21,0,8,12,0,0,0,0,0,0,0,0,0,0,"104,701,952",0,"128,598,016",
592,"AutoMark","296,688.81",12,0,5,9,0,0,0,0,0,0,0,0,0,0,"104,701,952",0,"128,598,016",
593,"AutoMark","297,193.31",22,0,7,13,0,0,0,0,0,0,0,0,0,0,"104,701,952",0,"128,598,016",
594,"AutoMark","297,695.69",18,0,6,10,0,0,0,0,0,0,0,0,0,0,"104,701,952",0,"128,598,016",
595,"AutoMark","298,197.43",25,0,5,19,0,0,0,0,0,0,0,0,0,0,"104,701,952",0,"128,598,016",
596,"AutoMark","298,699.27",17,0,2,14,0,0,0,0,0,0,0,0,0,0,"104,701,952",0,"128,598,016",
597,"AutoMark","299,200.56",15,0,5,10,0,0,0,0,0,0,0,0,0,0,"104,701,952",0,"128,598,016",
598,"AutoMark","299,702.12",18,0,3,14,0,0,0,0,0,0,0,0,0,0,"104,701,952",0,"128,598,016",
599,"AutoMark","300,204.06",22,11,8,14,0,0,0,0,0,0,0,0,0,0,"104,701,952",0,"128,598,016",
600,"AutoMark","300,706.93",16,0,6,11,0,0,0,0,0,0,0,0,0,0,"104,701,952",0,"128,598,016",
601,"AutoMark","301,209.70",16,0,3,11,0,0,0,0,0,0,0,0,0,0,"104,701,952",0,"128,598,016",
602,"AutoMark","301,712.26",26,0,10,18,0,0,0,0,0,0,0,0,0,0,"104,701,952",0,"128,598,016",
603,"AutoMark","302,234.01",25,0,5,14,0,0,0,0,0,0,0,0,0,0,"104,701,952",0,"128,598,016",
604,"AutoMark","302,735.88",20,0,7,15,0,0,0,0,0,0,0,0,0,0,"104,701,952",0,"128,598,016",
605,"AutoMark","303,238.03",26,0,8,17,0,0,0,0,0,0,0,0,0,0,"104,701,952",0,"128,598,016",
606,"AutoMark","303,739.79",23,0,6,17,0,0,0,0,0,0,0,0,0,0,"104,701,952",0,"128,598,016",
607,"AutoMark","304,241.50",28,0,6,21,0,0,0,0,0,0,0,0,0,0,"104,701,952",0,"128,598,016",
608,"AutoMark","304,744.81",28,0,10,17,0,0,0,0,0,0,0,0,0,0,"104,701,952",0,"128,598,016",
609,"AutoMark","305,246.73",23,0,4,18,0,0,0,0,0,0,0,0,0,0,"104,701,952",0,"128,598,016",
610,"AutoMark","305,748.75",17,0,3,13,0,0,0,0,0,0,0,0,0,0,"104,701,952",0,"128,598,016",
611,"AutoMark","306,250.63",14,1,3,13,0,0,0,0,0,0,0,0,0,0,"104,701,952",0,"128,598,016",
612,"AutoMark","306,751.83",13,0,3,10,0,0,0,0,0,0,0,0,0,0,"104,701,952",0,"128,598,016",
613,"AutoMark","307,254.67",25,0,5,19,0,0,0,0,0,0,0,0,0,0,"104,701,952",0,"128,598,016",
614,"AutoMark","307,760.69",19,0,3,15,0,0,0,0,0,0,0,0,0,0,"104,701,952",0,"128,598,016",
615,"AutoMark","308,264.19",26,0,5,20,0,0,0,0,0,0,0,0,0,0,"104,701,952",0,"128,598,016",
616,"AutoMark","308,765.74",19,0,5,13,0,0,0,0,0,0,0,0,0,0,"104,701,952",0,"128,598,016",
617,"AutoMark","309,269.51",21,0,4,19,0,0,0,0,0,0,0,0,0,0,"104,701,952",0,"128,598,016",
618,"AutoMark","309,771.28",22,0,5,16,0,0,0,0,0,0,0,0,0,0,"104,701,952",0,"128,598,016",
619,"AutoMark","310,273.55",25,0,7,17,0,0,0,0,0,0,0,0,0,0,"104,701,952",0,"128,598,016",
620,"AutoMark","310,778.74",20,0,1,18,0,0,0,0,0,0,0,0,0,0,"104,701,952",0,"128,598,016",
621,"AutoMark","311,281.01",23,0,6,15,0,0,0,0,0,0,0,0,0,0,"104,701,952",0,"128,598,016",
622,"AutoMark","311,782.49",22,0,3,21,0,0,0,0,0,0,0,0,0,0,"104,701,952",0,"128,598,016",
623,"AutoMark","312,291.79",20,0,6,13,0,0,0,0,0,0,0,0,0,0,"104,701,952",0,"128,598,016",
624,"AutoMark","312,796.45",16,0,2,13,0,0,0,0,0,0,0,0,0,0,"104,701,952",0,"128,598,016",
625,"AutoMark","313,298.44",20,0,6,17,0,0,0,0,0,0,0,0,0,0,"104,701,952",0,"128,598,016",
626,"AutoMark","313,799.94",15,0,3,11,0,0,0,0,0,0,0,0,0,0,"104,701,952",0,"128,598,016",
627,"AutoMark","314,302.39",26,0,8,17,0,0,0,0,0,0,0,0,0,0,"104,701,952",0,"128,598,016",
628,"AutoMark","314,804.13",22,5,3,18,0,0,0,0,0,0,0,0,0,0,"104,701,952",0,"128,598,016",
629,"AutoMark","315,305.73",12,47,3,9,0,0,0,0,0,0,0,0,0,0,"104,701,952",0,"128,598,016",
630,"AutoMark","315,807.92",18,0,6,11,0,0,0,0,0,0,0,0,0,0,"104,701,952",0,"128,598,016",
631,"AutoMark","316,311.70",20,0,4,14,0,0,0,0,0,0,0,0,0,0,"104,701,952",0,"128,598,016",
632,"AutoMark","316,815.13",19,0,3,17,0,0,0,0,0,0,0,0,0,0,"104,701,952",0,"128,598,016",
633,"AutoMark","317,317.30",22,0,6,16,0,0,0,0,0,0,0,0,0,0,"104,701,952",0,"128,598,016",
634,"AutoMark","317,818.41",15,0,3,11,0,0,0,0,0,0,0,0,0,0,"104,701,952",0,"128,598,016",
635,"AutoMark","318,320.85",23,0,8,13,0,0,0,0,0,0,0,0,0,0,"104,701,952",0,"128,598,016",
636,"AutoMark","318,825.56",24,0,6,17,0,0,0,0,0,0,0,0,0,0,"104,701,952",0,"128,598,016",
637,"AutoMark","319,327.57",17,0,2,14,0,0,0,0,0,0,0,0,0,0,"104,701,952",0,"128,598,016",
638,"AutoMark","319,829.23",12,0,3,10,0,0,0,0,0,0,0,0,0,0,"104,701,952",0,"128,598,016",
639,"AutoMark","320,330.92",18,0,6,11,0,0,0,0,0,0,0,0,0,0,"104,701,952",0,"128,598,016",
640,"AutoMark","320,833.98",15,0,3,10,0,0,0,0,0,0,0,0,0,0,"104,701,952",0,"128,598,016",
641,"AutoMark","321,335.89",16,0,6,10,0,0,0,0,0,0,0,0,0,0,"104,701,952",0,"128,598,016",
642,"AutoMark","321,837.04",15,13,3,12,0,0,0,0,0,0,0,0,0,0,"104,701,952",0,"128,598,016",
643,"AutoMark","322,345.94",10,0,2,9,0,0,0,0,0,0,0,0,0,0,"104,701,952",0,"128,598,016",
644,"AutoMark","322,847.77",24,0,8,15,0,0,0,0,0,0,0,0,0,0,"104,701,952",0,"128,598,016",
645,"AutoMark","323,350.85",13,0,3,9,0,0,0,0,0,0,0,0,0,0,"104,701,952",0,"128,598,016",
646,"AutoMark","323,851.90",18,0,3,15,0,0,0,0,0,0,0,0,0,0,"104,701,952",0,"128,598,016",
647,"AutoMark","324,354.88",32,0,10,20,0,0,0,0,0,0,0,0,0,0,"104,701,952",0,"128,598,016",
648,"AutoMark","324,858.20",13,0,3,12,0,0,0,0,0,0,0,0,0,0,"104,701,952",0,"128,598,016",
649,"AutoMark","325,362.85",25,0,8,16,0,0,0,0,0,0,0,0,0,0,"104,701,952",0,"128,598,016",
650,"AutoMark","325,864.15",14,0,3,10,0,0,0,0,0,0,0,0,0,0,"104,701,952",0,"128,598,016",
651,"AutoMark","326,367.40",18,0,6,11,0,0,0,0,0,0,0,0,0,0,"104,701,952",0,"128,598,016",
652,"AutoMark","326,870.40",18,0,6,11,0,0,0,0,0,0,0,0,0,0,"104,701,952",0,"128,598,016",
653,"AutoMark","327,372.93",16,0,4,10,0,0,0,0,0,0,0,0,0,0,"104,701,952",0,"128,598,016",
654,"AutoMark","327,877.85",16,0,9,9,0,0,0,0,0,0,0,0,0,0,"104,701,952",0,"128,598,016",
655,"AutoMark","328,382.80",19,0,5,13,0,0,0,0,0,0,0,0,0,0,"104,701,952",0,"128,598,016",
656,"AutoMark","328,884.30",12,0,1,10,0,0,0,0,0,0,0,0,0,0,"104,701,952",0,"128,598,016",
657,"AutoMark","329,387.21",25,0,13,11,0,0,0,0,0,0,0,0,0,0,"104,701,952",0,"128,598,016",
658,"AutoMark","329,889.05",30,0,11,18,0,0,0,0,0,0,0,0,0,0,"104,701,952",0,"128,598,016",
659,"AutoMark","330,393.45",34,0,7,29,0,0,0,0,0,0,0,0,0,0,"104,701,952",0,"128,598,016",
660,"AutoMark","330,895.53",13,0,4,8,0,0,0,0,0,0,0,0,0,0,"104,701,952",0,"128,598,016",
661,"AutoMark","331,398.06",16,0,2,14,0,0,0,0,0,0,0,0,0,0,"104,701,952",0,"128,598,016",
662,"AutoMark","331,899.85",15,0,4,13,0,0,0,0,0,0,0,0,0,0,"104,701,952",0,"128,598,016",
663,"AutoMark","332,412.72",23,0,5,15,0,0,0,0,0,0,0,0,0,0,"104,701,952",0,"128,598,016",
664,"AutoMark","332,913.35",22,0,5,17,0,0,0,0,0,0,0,0,0,0,"104,701,952",0,"128,598,016",
665,"AutoMark","333,415.37",17,0,5,11,0,0,0,0,0,0,0,0,0,0,"104,701,952",0,"128,598,016",
666,"AutoMark","333,916.96",15,0,4,10,0,0,0,0,0,0,0,0,0,0,"104,701,952",0,"128,598,016",
667,"AutoMark","334,420.51",25,0,7,17,0,0,0,0,0,0,0,0,0,0,"104,701,952",0,"128,598,016",
668,"AutoMark","334,921.50",22,0,5,16,0,0,0,0,0,0,0,0,0,0,"104,701,952",0,"128,598,016",
669,"AutoMark","335,423.40",15,0,5,13,0,0,0,0,0,0,0,0,0,0,"104,701,952",0,"128,598,016",
670,"AutoMark","335,925.42",19,0,6,13,0,0,0,0,0,0,0,0,0,0,"104,701,952",0,"128,598,016",
671,"AutoMark","336,426.73",22,0,4,17,0,0,0,0,0,0,0,0,0,0,"104,701,952",0,"128,598,016",
672,"AutoMark","336,928.63",32,173,10,21,0,0,0,0,0,0,0,0,0,0,"104,701,952",0,"128,598,016",
673,"AutoMark","337,431.26",58,0,14,42,0,0,0,0,0,0,0,0,0,0,"104,701,952",0,"128,598,016",
674,"AutoMark","337,932.11",42,0,9,32,0,0,0,0,0,0,0,0,0,0,"104,701,952",0,"128,598,016",
675,"AutoMark","338,432.22",21,0,5,16,0,0,0,0,0,0,0,0,0,0,"104,701,952",0,"128,598,016",
676,"AutoMark","338,933.41",19,0,3,16,0,0,0,0,0,0,0,0,0,0,"104,701,952",0,"128,598,016",
677,"AutoMark","339,434.43",24,0,4,19,0,0,0,0,0,0,0,0,0,0,"104,701,952",0,"128,598,016",
678,"AutoMark","339,936.07",14,0,3,10,0,0,0,0,0,0,0,0,0,0,"104,701,952",0,"128,598,016",
679,"AutoMark","340,437.73",19,1,3,15,0,0,0,0,0,0,0,0,0,0,"104,701,952",0,"128,598,016",
680,"AutoMark","340,938.79",25,0,3,22,0,0,0,0,0,0,0,0,0,0,"104,701,952",0,"128,598,016",
681,"AutoMark","341,440.11",27,3,3,24,0,0,0,0,0,0,0,0,0,0,"104,701,952",0,"128,598,016",
682,"AutoMark","341,942.35",36,0,10,25,0,0,0,0,0,0,0,0,0,0,"104,701,952",0,"128,598,016",
683,"AutoMark","342,447.29",42,0,6,34,0,0,0,0,0,0,0,0,0,0,"104,701,952",0,"128,598,016",
684,"AutoMark","342,948.27",27,0,8,18,0,0,0,0,0,0,0,0,0,0,"104,701,952",0,"128,598,016",
685,"AutoMark","343,448.34",30,0,3,27,0,0,0,0,0,0,0,0,0,0,"104,701,952",0,"128,598,016",
686,"AutoMark","343,948.47",25,0,7,18,0,0,0,0,0,0,0,0,0,0,"104,701,952",0,"128,598,016",
687,"AutoMark","344,451.28",26,0,7,17,0,0,0,0,0,0,0,0,0,0,"104,701,952",0,"128,598,016",
688,"AutoMark","344,953.28",19,31,7,11,0,0,0,0,0,0,0,0,0,0,"104,701,952",0,"128,598,016",
689,"AutoMark","345,454.82",8,3,3,7,0,0,0,0,0,0,0,0,0,0,"104,701,952",0,"128,598,016",
690,"AutoMark","345,957.55",32,0,10,21,0,0,0,0,0,0,0,0,0,0,"104,701,952",0,"128,598,016",
691,"AutoMark","346,460.40",27,55,4,22,0,0,0,0,0,0,0,0,0,0,"104,701,952",0,"128,598,016",
692,"AutoMark","346,961.39",25,3,7,18,0,0,0,0,0,0,0,0,0,0,"104,701,952",0,"128,598,016",
693,"AutoMark","347,462.83",38,0,8,29,0,0,0,0,0,0,0,0,0,0,"104,701,952",0,"128,598,016",
694,"AutoMark","347,970.74",18,0,3,16,0,0,0,0,0,0,0,0,0,0,"104,701,952",0,"128,598,016",
695,"AutoMark","348,481.09",27,0,10,15,0,0,0,0,0,0,0,0,0,0,"104,701,952",0,"128,598,016",
696,"AutoMark","348,983.05",19,0,4,14,0,0,0,0,0,0,0,0,0,0,"104,701,952",0,"128,598,016",
697,"AutoMark","349,485.55",8,0,3,7,0,0,0,0,0,0,0,0,0,0,"104,701,952",0,"128,598,016",
698,"AutoMark","349,988.34",25,0,9,15,0,0,0,0,0,0,0,0,0,0,"104,701,952",0,"128,598,016",
699,"AutoMark","350,490.15",19,0,6,13,0,0,0,0,0,0,0,0,0,0,"104,701,952",0,"128,598,016",
700,"AutoMark","350,991.88",24,1,6,17,0,0,0,0,0,0,0,0,0,0,"104,701,952",0,"128,598,016",
701,"AutoMark","351,493.92",19,0,7,11,0,0,0,0,0,0,0,0,0,0,"104,701,952",0,"128,598,016",
702,"AutoMark","351,996.28",26,0,9,19,0,0,0,0,0,0,0,0,0,0,"104,701,952",0,"128,598,016",
703,"AutoMark","352,505.35",12,0,3,7,0,0,0,0,0,0,0,0,0,0,"104,701,952",0,"128,598,016",
704,"AutoMark","353,008.15",14,0,4,9,0,0,0,0,0,0,0,0,0,0,"104,701,952",0,"128,598,016",
705,"AutoMark","353,510.77",23,0,7,15,0,0,0,0,0,0,0,0,0,0,"104,701,952",0,"128,598,016",
706,"AutoMark","354,013.22",16,0,6,10,0,0,0,0,0,0,0,0,0,0,"104,701,952",0,"128,598,016",
707,"AutoMark","354,515.56",16,0,5,10,0,0,0,0,0,0,0,0,0,0,"104,701,952",0,"128,598,016",
708,"AutoMark","355,017.73",11,0,6,7,0,0,0,0,0,0,0,0,0,0,"104,701,952",0,"128,598,016",
709,"AutoMark","355,519.65",16,0,4,11,0,0,0,0,0,0,0,0,0,0,"104,701,952",0,"128,598,016",
710,"AutoMark","356,021.68",12,0,3,8,0,0,0,0,0,0,0,0,0,0,"104,701,952",0,"128,598,016",
711,"AutoMark","356,527.68",23,0,8,13,0,0,0,0,0,0,0,0,0,0,"104,701,952",0,"128,598,016",
712,"AutoMark","357,029.46",12,0,2,10,0,0,0,0,0,0,0,0,0,0,"104,701,952",0,"128,598,016",
713,"AutoMark","357,531.45",17,0,9,7,0,0,0,0,0,0,0,0,0,0,"104,701,952",0,"128,598,016",
714,"AutoMark","358,032.48",18,0,5,14,0,0,0,0,0,0,0,0,0,0,"104,701,952",0,"128,598,016",
715,"AutoMark","358,535.03",19,0,3,17,0,0,0,0,0,0,0,0,0,0,"104,701,952",0,"128,598,016",
716,"AutoMark","359,038.37",16,0,3,11,0,0,0,0,0,0,0,0,0,0,"104,701,952",0,"128,598,016",
717,"AutoMark","359,540.23",22,0,5,16,0,0,0,0,0,0,0,0,0,0,"104,701,952",0,"128,598,016",
718,"AutoMark","360,043.18",8,0,2,5,0,0,0,0,0,0,0,0,0,0,"104,701,952",0,"128,598,016",
719,"AutoMark","360,545.53",13,123,6,6,0,0,0,0,0,0,0,0,0,0,"104,701,952",0,"128,901,120",
720,"AutoMark","361,047.03",24,0,12,11,0,0,0,0,0,0,0,0,0,0,"104,701,952",0,"128,901,120",
721,"AutoMark","361,551.23",20,1,6,17,0,0,0,0,0,0,0,0,0,0,"104,701,952",0,"128,901,120",
722,"AutoMark","362,054.49",22,0,6,15,0,0,0,0,0,0,0,0,0,0,"104,701,952",0,"128,901,120",
723,"AutoMark","362,565.51",15,0,4,10,0,0,0,0,0,0,0,0,0,0,"104,701,952",0,"128,901,120",
724,"AutoMark","363,067.99",17,13,4,12,0,0,0,0,0,0,0,0,0,0,"104,701,952",0,"128,901,120",
725,"AutoMark","363,570.12",27,0,4,22,0,0,0,0,0,0,0,0,0,0,"104,701,952",0,"128,901,120",
726,"AutoMark","364,072.43",12,0,4,6,0,0,0,0,0,0,0,0,0,0,"104,701,952",0,"128,901,120",
727,"AutoMark","364,577.18",17,0,5,11,0,0,0,0,0,0,0,0,0,0,"104,701,952",0,"128,901,120",
728,"AutoMark","365,079.22",29,0,11,17,0,0,0,0,0,0,0,0,0,0,"104,701,952",0,"128,901,120",
729,"AutoMark","365,581.52",18,19,7,13,0,0,0,0,0,0,0,0,0,0,"104,701,952",0,"128,901,120",
730,"AutoMark","366,081.79",13,0,3,9,0,0,0,0,0,0,0,0,0,0,"104,701,952",0,"128,901,120",
731,"AutoMark","366,584.47",19,0,3,14,0,0,0,0,0,0,0,0,0,0,"104,701,952",0,"128,901,120",
732,"AutoMark","367,085.69",15,0,4,10,0,0,0,0,0,0,0,0,0,0,"104,701,952",0,"128,901,120",
733,"AutoMark","367,587.08",15,1,6,8,0,0,0,0,0,0,0,0,0,0,"104,701,952",0,"128,901,120",
734,"AutoMark","368,088.71",24,5,10,13,0,0,0,0,0,0,0,0,0,0,0,0,0,
"4,294,967,295","End of Program","368,589.25",0,0,0,0,0,0,0,0,0,0,0,0,0,0,0,0,0,
735,"AutoMark","368,589.25",6,0,2,3,0,0,0,0,0,0,0,0,0,0,0,0,0,
